,username,end_time,white_username,black_username,Result,StartTime
0,tianminlyu,05:50:15,Aakarsh-IND,tianminlyu,0-1,05:48:14
1,tianminlyu,11:36:40,dragomirradin,tianminlyu,1/2-1/2,11:26:14
2,tianminlyu,22:29:39,nuove,tianminlyu,0-1,22:09:23
3,tianminlyu,22:37:50,tianminlyu,nila26,0-1,22:30:31
4,tianminlyu,22:28:36,JammyRedRoo,tianminlyu,0-1,22:08:46
5,tianminlyu,22:48:06,Rrustemii,tianminlyu,0-1,22:40:49
6,tianminlyu,22:35:25,tianminlyu,thakertoo,1-0,22:15:28
7,tianminlyu,15:04:37,claraqiu,tianminlyu,1-0,15:03:47
8,tianminlyu,15:06:47,tianminlyu,ryanxuef,0-1,15:06:47
9,tianminlyu,15:06:52,tianminlyu,xiaoanwu,0-1,15:05:50
10,tianminlyu,15:07:01,EmmaXLi,tianminlyu,1-0,15:07:00
11,tianminlyu,15:07:01,REBECCAFENG,tianminlyu,1-0,15:07:00
12,tianminlyu,15:07:20,claraqiu,tianminlyu,1-0,15:07:19
13,tianminlyu,15:08:51,tianminlyu,secretscore102467,1-0,15:01:41
14,tianminlyu,15:09:07,ryanxuef,tianminlyu,1-0,15:09:06
15,tianminlyu,15:09:07,REBECCAFENG,tianminlyu,1-0,15:09:06
16,tianminlyu,15:10:31,tianminlyu,AGcuber19,1-0,15:01:27
17,tianminlyu,15:10:43,claraqiu,tianminlyu,1-0,15:10:42
18,tianminlyu,15:10:59,ryanxuef,tianminlyu,1-0,15:10:58
19,tianminlyu,15:11:55,REBECCAFENG,tianminlyu,1-0,15:11:54
20,tianminlyu,15:12:25,claraqiu,tianminlyu,1-0,15:12:24
21,tianminlyu,15:12:42,ryanxuef,tianminlyu,1-0,15:12:41
22,tianminlyu,15:16:32,akfunchess66,tianminlyu,0-1,15:02:43
23,tianminlyu,15:19:29,REBECCAFENG,tianminlyu,1-0,15:18:05
24,tianminlyu,15:19:32,EEcao,tianminlyu,1-0,15:19:31
25,tianminlyu,15:20:01,secretscore102467,tianminlyu,1-0,15:18:58
26,tianminlyu,15:25:29,xiaoanwu,tianminlyu,0-1,15:06:49
27,tianminlyu,15:25:38,ryanxuef,tianminlyu,0-1,15:17:21
28,tianminlyu,15:27:05,tianminlyu,claraqiu,1-0,15:13:28
29,tianminlyu,15:30:37,EmmaXLi,tianminlyu,1-0,15:09:15
30,tianminlyu,15:31:02,tianminlyu,REBECCAFENG,0-1,15:21:39
31,tianminlyu,15:44:09,tianminlyu,EEcao,1-0,15:22:33
32,tianminlyu,16:00:08,EmmaXLi,tianminlyu,1-0,15:36:19
33,tianminlyu,16:21:07,tianminlyu,Kexin9918,1-0,16:16:31
34,tianminlyu,16:21:45,tianminlyu,Justin122115,1-0,16:18:19
35,tianminlyu,16:30:04,augustinewz,tianminlyu,0-1,16:18:36
36,tianminlyu,16:31:29,brigittexie,tianminlyu,0-1,16:22:29
37,tianminlyu,16:33:47,tianminlyu,Marsboom,1-0,16:16:09
38,tianminlyu,16:35:20,yaohengli,tianminlyu,0-1,16:17:08
39,tianminlyu,17:12:27,tianminlyu,ChenlinZhao,1-0,17:02:17
40,tianminlyu,17:22:35,ChenlinZhao,tianminlyu,1-0,17:12:46
41,tianminlyu,15:18:45,tianminlyu,EthanLZC,1-0,15:12:00
42,tianminlyu,15:23:56,tianminlyu,ConanKX,0-1,15:08:05
43,tianminlyu,15:24:09,tianminlyu,EmilyTang2017,1-0,15:12:08
44,tianminlyu,15:28:40,tianminlyu,Oscarzhang818,1-0,15:07:57
45,tianminlyu,15:33:52,ConanKX,tianminlyu,0-1,15:29:55
46,tianminlyu,15:34:20,DarkYoungBus,tianminlyu,0-1,15:07:41
47,tianminlyu,15:41:28,AaronGYang,tianminlyu,0-1,15:11:17
48,tianminlyu,16:32:58,tianminlyu,taionemm,1-0,16:21:46
49,tianminlyu,16:35:44,Justin_LH,tianminlyu,0-1,16:26:06
50,tianminlyu,16:36:53,tianminlyu,Nolan330,1-0,16:21:38
51,tianminlyu,16:38:22,rosiezeng,tianminlyu,0-1,16:23:43
52,tianminlyu,16:42:13,bearbrandon,tianminlyu,0-1,16:34:24
53,tianminlyu,16:45:06,KatelynT1614,tianminlyu,0-1,16:23:59
54,tianminlyu,17:00:05,tianminlyu,ianz331,1-0,16:38:38
55,tianminlyu,22:58:17,tianminlyu,Robertripoux,0-1,22:50:53
56,tianminlyu,23:12:43,tianminlyu,vahtair,1/2-1/2,22:58:32
57,tianminlyu,23:25:41,civan68,tianminlyu,0-1,23:12:54
58,tianminlyu,23:32:34,harrygenjimeno,tianminlyu,0-1,23:26:03
59,tianminlyu,22:47:21,tianminlyu,iziare,1-0,22:34:04
60,tianminlyu,22:29:54,tianminlyu,rahmankazemi,1-0,22:23:05
61,tianminlyu,23:48:19,tianminlyu,MM599,0-1,23:19:56
62,tianminlyu,22:52:54,jamerolle2,tianminlyu,0-1,22:14:18
63,tianminlyu,23:03:24,tianminlyu,jamerolle2,1-0,22:52:58
64,tianminlyu,22:47:42,tianminlyu,walter8580,1-0,22:40:30
65,tianminlyu,23:57:01,ahmedkhalil555,tianminlyu,0-1,23:41:41
66,tianminlyu,13:35:53,kelvinHW,tianminlyu,1-0,13:07:48
67,tianminlyu,18:24:37,tianminlyu,NSDhingra,1-0,18:12:40
68,tianminlyu,20:35:52,snakedad,tianminlyu,0-1,20:13:29
69,tianminlyu,22:36:56,aromeoallepuz,tianminlyu,1-0,22:06:55
70,tianminlyu,22:08:40,tianminlyu,schelet,1-0,22:03:10
71,tianminlyu,22:19:11,ReligionPoisonsTheWorld,tianminlyu,0-1,22:09:02
72,tianminlyu,22:47:40,tianminlyu,ReligionPoisonsTheWorld,0-1,22:19:22
73,tianminlyu,19:29:57,tianminlyu,OldOrca,1-0,18:59:44
74,tianminlyu,21:44:42,tianminlyu,zvirappa,1-0,21:16:04
75,tianminlyu,19:47:08,GeraLario,tianminlyu,1-0,19:29:59
76,tianminlyu,19:56:15,tianminlyu,ludijak,1-0,19:47:10
77,tianminlyu,20:01:54,DEHO12,tianminlyu,0-1,19:56:18
78,tianminlyu,20:11:05,SkilledMystery,tianminlyu,0-1,20:02:04
79,tianminlyu,20:13:22,davidemessina97,tianminlyu,0-1,20:11:17
80,tianminlyu,20:24:50,tianminlyu,Ruben40,1-0,20:13:24
81,tianminlyu,20:33:57,Muhammad2888,tianminlyu,1-0,20:25:12
82,tianminlyu,23:37:14,tianminlyu,HABAKUK319,1-0,23:34:45
83,tianminlyu,23:43:14,neighHorsey,tianminlyu,0-1,23:37:23
84,tianminlyu,23:51:52,tianminlyu,qlucka,1-0,23:43:54
85,tianminlyu,23:58:58,tianminlyu,OsvaldoButti,1-0,23:52:24
0,tianminlyu,08:30:23,Kari66,tianminlyu,1/2-1/2,08:21:34
1,tianminlyu,09:27:09,tianminlyu,Kantemir-08,0-1,09:21:00
2,tianminlyu,11:54:20,Gloumir,tianminlyu,1-0,11:46:15
3,tianminlyu,12:05:46,adamchuk88,tianminlyu,1-0,11:54:24
4,tianminlyu,13:25:57,tianminlyu,maxifargo,0-1,13:17:27
5,tianminlyu,13:34:58,tianminlyu,TaStar,0-1,13:28:42
6,tianminlyu,13:43:09,EtheridgeKnight,tianminlyu,0-1,13:35:20
7,tianminlyu,22:47:56,tianminlyu,gussarom,1-0,22:39:34
8,tianminlyu,23:04:46,tianminlyu,Zonghengluanshi,1-0,22:48:25
9,tianminlyu,10:25:13,Danielosmith,tianminlyu,1/2-1/2,10:09:06
10,tianminlyu,11:56:46,tianminlyu,TANGJINCONG,1-0,11:45:17
11,tianminlyu,20:56:30,AlainKeyrouz,tianminlyu,0-1,20:25:59
12,tianminlyu,21:49:24,HammerChess15,tianminlyu,0-1,21:42:19
13,tianminlyu,22:20:30,sentcics,tianminlyu,0-1,21:50:49
14,tianminlyu,22:40:05,tianminlyu,MightyJoe001,0-1,22:21:39
15,tianminlyu,18:58:48,chss2356333,tianminlyu,0-1,18:51:19
16,tianminlyu,19:06:54,tianminlyu,Vintageblack,1-0,18:58:57
17,tianminlyu,19:37:11,riobicajet,tianminlyu,0-1,19:28:34
18,tianminlyu,19:49:24,tianminlyu,karandutt-moudgil,1-0,19:37:48
19,tianminlyu,19:54:21,tianminlyu,Waluliso,1-0,19:49:49
20,tianminlyu,20:10:54,tianminlyu,Rahul20008375,1-0,19:54:42
21,tianminlyu,20:20:52,henryk1957,tianminlyu,0-1,20:11:54
22,tianminlyu,20:52:36,IgorGolduban,tianminlyu,0-1,20:21:27
23,tianminlyu,21:28:17,illyamaron,tianminlyu,0-1,20:57:37
24,tianminlyu,22:05:08,tianminlyu,DayMan1,1-0,21:44:30
25,tianminlyu,22:21:47,tianminlyu,brawnykazoo,0-1,22:13:24
26,tianminlyu,15:01:39,ulises19,tianminlyu,1-0,14:37:29
27,tianminlyu,18:38:42,tianminlyu,Shabeni,0-1,18:28:33
28,tianminlyu,18:42:45,vrraj9959889775,tianminlyu,0-1,18:40:06
29,tianminlyu,19:10:34,tianminlyu,sokolalia87,0-1,18:44:12
30,tianminlyu,20:47:26,Jasha76,tianminlyu,0-1,20:18:43
31,tianminlyu,21:09:54,tianminlyu,ThoXmaster,0-1,20:50:11
32,tianminlyu,14:49:44,tianminlyu,Vesiliano,0-1,14:41:34
33,tianminlyu,20:45:45,hetake2,tianminlyu,1-0,20:32:23
34,tianminlyu,21:00:50,hix,tianminlyu,0-1,20:54:57
35,tianminlyu,21:08:54,Jalleyjr,tianminlyu,0-1,21:01:06
36,tianminlyu,21:10:28,tianminlyu,Sheevzzz,0-1,21:05:18
37,tianminlyu,21:20:37,uliseslomeli,tianminlyu,0-1,21:14:57
38,tianminlyu,21:35:26,tianminlyu,rodizios,1-0,21:25:39
39,tianminlyu,21:41:05,Karencho1,tianminlyu,0-1,21:36:21
40,tianminlyu,21:51:18,tianminlyu,Alanthezhaboss,0-1,21:46:54
41,tianminlyu,22:02:45,daz000007,tianminlyu,0-1,21:57:44
42,tianminlyu,22:59:08,tianminlyu,ramsesamaya,0-1,22:55:00
43,tianminlyu,23:08:14,Paradigmshift23,tianminlyu,0-1,23:05:41
44,tianminlyu,23:22:19,tianminlyu,ljupcekralj22,1-0,23:16:15
45,tianminlyu,23:33:16,welmena,tianminlyu,0-1,23:26:53
46,tianminlyu,23:46:41,tianminlyu,DraculaExCorona,0-1,23:37:17
47,tianminlyu,23:46:54,bendahir,tianminlyu,1-0,23:46:54
48,tianminlyu,21:39:58,tianminlyu,REEPERoDEATH,1-0,21:35:05
49,tianminlyu,22:29:45,seius,tianminlyu,0-1,22:11:05
50,tianminlyu,23:23:12,tianminlyu,bassem_checkmate,1-0,22:49:14
51,tianminlyu,23:38:38,Edssemog,tianminlyu,0-1,23:23:36
52,tianminlyu,00:48:48,tianminlyu,Alexito1984,0-1,00:08:03
53,tianminlyu,21:24:12,tianminlyu,bestplayer1337,0-1,21:01:24
54,tianminlyu,22:05:12,ReligionPoisonsTheWorld,tianminlyu,0-1,21:27:20
55,tianminlyu,22:20:09,tianminlyu,TrentonAH,1-0,22:09:01
56,tianminlyu,19:43:08,willycsw,tianminlyu,0-1,19:35:10
57,tianminlyu,20:22:03,tianminlyu,sanya_shapoval,1-0,20:12:00
58,tianminlyu,22:09:28,OldChessPirate,tianminlyu,0-1,21:10:14
59,tianminlyu,22:40:49,tianminlyu,tronad,1-0,22:09:43
60,tianminlyu,20:57:02,kksl,tianminlyu,1-0,20:51:05
61,tianminlyu,01:31:17,tianminlyu,georgt,1-0,01:27:56
62,tianminlyu,01:48:29,tianminlyu,Artemka5A,0-1,01:39:10
63,tianminlyu,11:20:41,tablet2,tianminlyu,1-0,11:16:00
64,tianminlyu,14:36:19,szachista4444,tianminlyu,1-0,14:29:52
65,tianminlyu,15:42:28,Aahana28,tianminlyu,1-0,15:35:56
66,tianminlyu,21:02:54,tianminlyu,diaoularnozjbm,0-1,20:55:37
67,tianminlyu,00:43:46,tianminlyu,Mountain-Smell,1-0,00:34:31
68,tianminlyu,01:24:48,k-bob,tianminlyu,0-1,01:07:29
69,tianminlyu,01:50:03,tianminlyu,chenmh1027,0-1,01:33:26
70,tianminlyu,02:23:33,tianminlyu,goerkov,1-0,02:15:14
71,tianminlyu,02:34:25,pedrogomez77,tianminlyu,0-1,02:27:17
72,tianminlyu,12:30:25,tianminlyu,Goughfather,0-1,12:23:21
73,tianminlyu,15:46:42,Veerpatel2406,tianminlyu,1-0,15:29:27
74,tianminlyu,23:00:31,gmgera45,tianminlyu,1-0,22:58:30
75,tianminlyu,15:54:51,Hornblower8,tianminlyu,0-1,15:27:03
76,tianminlyu,16:23:25,tianminlyu,Jankosom,1-0,16:04:55
77,tianminlyu,16:56:39,tianminlyu,boii113,0-1,16:50:24
0,tianminlyu,09:23:36,tianminlyu,kruupy,1-0,09:00:26
1,tianminlyu,12:32:46,HiImNano,tianminlyu,1-0,12:11:16
2,tianminlyu,15:06:47,tianminlyu,teodorberintan46,1-0,14:19:20
3,tianminlyu,08:38:45,tianminlyu,AGcuber19,1-0,18:41:40
4,tianminlyu,07:50:22,dmvicant,tianminlyu,1-0,07:40:33
0,AGcuber19,00:09:33,nien-eleven,AGcuber19,1-0,00:03:42
1,AGcuber19,00:26:02,Sebastianbulowthomsen,AGcuber19,1-0,00:09:35
2,AGcuber19,00:27:26,xfoddz,AGcuber19,0-1,00:27:26
3,AGcuber19,00:39:02,AGcuber19,Eric_Carstens,0-1,00:27:28
4,AGcuber19,00:40:45,AGcuber19,andrewtatetopg20,1-0,00:39:07
5,AGcuber19,00:51:06,AGcuber19,Dylanbekillin,1-0,00:41:26
6,AGcuber19,14:23:53,adriaan-pelzer,AGcuber19,1-0,14:15:18
7,AGcuber19,14:24:42,AGcuber19,JuanBravoComunero,1-0,14:24:00
8,AGcuber19,14:28:13,802Marshadow,AGcuber19,1-0,14:25:07
9,AGcuber19,14:39:04,ganci1227,AGcuber19,0-1,14:28:23
10,AGcuber19,14:45:55,AGcuber19,reubenmolefi,0-1,14:41:40
11,AGcuber19,15:28:40,zshadx,AGcuber19,1-0,15:26:42
12,AGcuber19,15:30:56,AGcuber19,K7wt86,1-0,15:28:46
13,AGcuber19,16:05:56,AGcuber19,EEcao,1-0,15:50:54
14,AGcuber19,17:12:37,AGcuber19,AshaRamireddy,1-0,17:00:42
15,AGcuber19,17:27:29,tanumrump,AGcuber19,1-0,17:17:30
16,AGcuber19,21:35:06,AGcuber19,Mikelete007,0-1,21:26:00
17,AGcuber19,21:39:01,AGcuber19,Charlie_Delta0,1-0,21:35:12
18,AGcuber19,22:51:30,thexff24,AGcuber19,1-0,22:49:48
19,AGcuber19,22:58:58,fietspomp300,AGcuber19,0-1,22:51:44
20,AGcuber19,02:13:20,YaSh4Kumar,AGcuber19,0-1,01:58:26
21,AGcuber19,02:15:17,AGcuber19,arya12gua,1-0,02:14:08
22,AGcuber19,02:59:39,AGcuber19,Enchilladas,1-0,02:59:02
23,AGcuber19,17:13:58,AGcuber19,Monzir-ah,1-0,17:03:41
24,AGcuber19,18:07:02,AGcuber19,feitosamaria,0-1,18:05:58
25,AGcuber19,18:07:11,AGcuber19,doniak,1-0,18:07:09
26,AGcuber19,18:09:13,symfonyta,AGcuber19,1-0,18:07:16
27,AGcuber19,18:14:11,raminenii,AGcuber19,0-1,18:09:24
28,AGcuber19,19:33:49,aisgagaksbs,AGcuber19,1-0,19:31:13
29,AGcuber19,19:35:11,AGcuber19,samuelmoges,1-0,19:33:53
30,AGcuber19,19:39:07,AGcuber19,Joris_nooren,1-0,19:35:23
31,AGcuber19,19:57:06,guti0101,AGcuber19,1-0,19:55:12
32,AGcuber19,20:03:38,Montonen42,AGcuber19,0-1,19:57:10
33,AGcuber19,20:06:56,AGcuber19,drShibzukhov,0-1,20:03:48
34,AGcuber19,20:07:09,AGcuber19,LightHammel,1-0,20:07:05
35,AGcuber19,20:12:03,AGcuber19,krishna3196,0-1,20:07:30
36,AGcuber19,20:17:52,AGcuber19,Joferreira,0-1,20:12:08
37,AGcuber19,20:33:20,AGcuber19,Anselmo6655,1/2-1/2,20:18:00
38,AGcuber19,20:45:40,AGcuber19,yaoamy,1-0,20:45:03
39,AGcuber19,21:27:37,AGcuber19,CharlieYZ,0-1,21:23:31
40,AGcuber19,22:04:01,dogwater1012000,AGcuber19,1-0,22:00:05
41,AGcuber19,22:44:49,chessgoodseed,AGcuber19,0-1,22:31:38
42,AGcuber19,22:47:35,TheMajorNoob,AGcuber19,1-0,22:45:39
43,AGcuber19,22:50:10,AGcuber19,Dealer019,1-0,22:47:52
44,AGcuber19,22:58:05,LilithSardothien,AGcuber19,0-1,22:50:13
45,AGcuber19,01:15:25,ProximaM,AGcuber19,0-1,01:13:29
46,AGcuber19,01:20:34,jamal12345p,AGcuber19,0-1,01:15:39
47,AGcuber19,01:27:08,AGcuber19,bcross12,1-0,01:20:39
48,AGcuber19,02:32:56,AGcuber19,oyomariano,0-1,02:29:29
49,AGcuber19,15:53:27,AGcuber19,werd24,1-0,15:41:12
50,AGcuber19,16:09:18,AGcuber19,KoncuwA,1-0,15:53:32
51,AGcuber19,16:37:36,AGcuber19,rz111111,1-0,16:32:18
52,AGcuber19,16:41:43,borec968,AGcuber19,1-0,16:40:37
53,AGcuber19,16:55:06,Sakaruuu,AGcuber19,1-0,16:41:44
54,AGcuber19,17:03:36,AGcuber19,x-9017967816,0-1,16:55:06
55,AGcuber19,17:16:02,logisticpavillion,AGcuber19,0-1,17:03:48
56,AGcuber19,17:17:07,azt3ak,AGcuber19,1-0,17:16:10
57,AGcuber19,17:23:16,KDeeeeeeeep,AGcuber19,0-1,17:17:15
58,AGcuber19,17:31:04,AGcuber19,houston556,1-0,17:23:28
59,AGcuber19,17:55:21,AGcuber19,clintcav,0-1,17:41:50
60,AGcuber19,18:05:57,AGcuber19,ggalls30,1-0,17:55:19
61,AGcuber19,18:07:26,colemandan45,AGcuber19,1-0,18:06:05
62,AGcuber19,18:11:51,AGcuber19,wabbet,0-1,18:07:33
63,AGcuber19,18:12:11,HermanPoulsen,AGcuber19,0-1,18:12:11
64,AGcuber19,18:21:50,Kinemonn,AGcuber19,1-0,18:12:27
65,AGcuber19,18:23:52,TheLM30,AGcuber19,0-1,18:21:54
66,AGcuber19,21:43:12,AGcuber19,LordDen1985,0-1,21:39:54
67,AGcuber19,21:47:07,hic17,AGcuber19,1/2-1/2,21:43:26
68,AGcuber19,21:52:40,Ryan_Zaleski,AGcuber19,1-0,21:47:14
69,AGcuber19,22:03:18,AGcuber19,Drika33,1/2-1/2,21:52:45
70,AGcuber19,22:12:39,AGcuber19,eowyn4,0-1,22:03:41
71,AGcuber19,22:26:30,AGcuber19,hedvallN,1-0,22:12:50
72,AGcuber19,22:28:30,AGcuber19,AleZeES15,0-1,22:26:43
73,AGcuber19,22:31:33,AGcuber19,Mmaarrcceel,1-0,22:28:37
74,AGcuber19,23:52:12,blackberry802,AGcuber19,0-1,23:50:40
75,AGcuber19,23:58:44,sylvanusogbu,AGcuber19,1-0,23:52:29
76,AGcuber19,01:06:28,Bataplas,AGcuber19,1-0,00:57:58
77,AGcuber19,01:08:16,AGcuber19,EricJaye3,0-1,01:06:35
78,AGcuber19,01:12:46,merajmithsu,AGcuber19,0-1,01:08:23
79,AGcuber19,01:22:47,AGcuber19,kevinshearer111,0-1,01:12:46
80,AGcuber19,01:24:19,Pman4bruh,AGcuber19,0-1,01:22:52
81,AGcuber19,01:33:54,swisschessmate,AGcuber19,1-0,01:24:19
82,AGcuber19,15:14:53,deezy216,AGcuber19,1-0,15:13:04
83,AGcuber19,15:29:31,AGcuber19,AamerAA,1-0,15:14:47
84,AGcuber19,15:34:20,AGcuber19,DubiousDriver,1-0,15:29:34
85,AGcuber19,15:42:38,AGcuber19,parthi1967,0-1,15:34:27
86,AGcuber19,15:47:38,AGcuber19,dancoffey4444,1-0,15:42:41
87,AGcuber19,15:48:32,AGcuber19,EDI2x,1-0,15:47:53
88,AGcuber19,15:56:43,AGcuber19,TxxNoah,1-0,15:48:40
89,AGcuber19,16:16:09,AtharvA_KaranjkaR,AGcuber19,1-0,16:12:10
90,AGcuber19,16:26:26,ashi1388,AGcuber19,0-1,16:16:21
91,AGcuber19,16:29:08,StunningAuthor,AGcuber19,1-0,16:26:52
92,AGcuber19,16:34:01,AGcuber19,mtritz,1-0,16:29:09
93,AGcuber19,17:03:16,nickmatthews10,AGcuber19,0-1,17:02:53
94,AGcuber19,17:06:22,Shuvroislam,AGcuber19,1-0,17:03:46
95,AGcuber19,17:11:23,quehay,AGcuber19,1-0,17:06:22
96,AGcuber19,17:17:36,AGcuber19,avachode,1-0,17:11:27
97,AGcuber19,17:26:11,AGcuber19,ivetaluongova,1-0,17:17:45
98,AGcuber19,17:28:18,AGcuber19,MichyFachero,1-0,17:27:13
99,AGcuber19,17:39:10,AGcuber19,kreshay123,1-0,17:32:29
100,AGcuber19,17:52:54,asteroid_b612,AGcuber19,1-0,17:47:50
101,AGcuber19,17:56:37,AhmadObeiat,AGcuber19,1-0,17:53:03
102,AGcuber19,17:59:52,neklefeu123,AGcuber19,1-0,17:56:43
103,AGcuber19,18:12:00,AGcuber19,waleed808080,0-1,18:00:04
104,AGcuber19,18:13:08,kudzu850,AGcuber19,0-1,18:13:08
105,AGcuber19,18:19:59,palkrish47,AGcuber19,1-0,18:13:34
106,AGcuber19,18:28:42,Baranqwert,AGcuber19,0-1,18:20:06
107,AGcuber19,18:40:40,AGcuber19,Baranqwert,0-1,18:28:52
108,AGcuber19,20:49:11,Streams222,AGcuber19,1-0,20:46:42
109,AGcuber19,20:53:35,AGcuber19,powA99,0-1,20:49:14
110,AGcuber19,20:56:23,AGcuber19,finistemporis17,0-1,20:54:18
111,AGcuber19,20:58:38,AGcuber19,TravioliRaviolis,0-1,20:56:27
112,AGcuber19,21:01:36,SelfMatePawn,AGcuber19,1-0,21:00:10
113,AGcuber19,21:01:53,AGcuber19,Bartolo18,1-0,21:01:43
114,AGcuber19,21:04:08,AGcuber19,JaCrispy132,1-0,21:01:55
115,AGcuber19,21:06:21,Ferrari069,AGcuber19,0-1,21:04:14
116,AGcuber19,21:08:08,Elooon,AGcuber19,1-0,21:06:25
117,AGcuber19,21:17:38,oferm1,AGcuber19,1-0,21:15:27
118,AGcuber19,21:17:53,AGcuber19,Kto_cb_pytal,1-0,21:17:44
119,AGcuber19,21:19:37,majddimyati,AGcuber19,0-1,21:17:56
120,AGcuber19,21:21:44,hifromireland,AGcuber19,1-0,21:19:40
121,AGcuber19,21:22:10,AkramQw,AGcuber19,1-0,21:21:48
122,AGcuber19,22:13:04,AGcuber19,bmorse0,1-0,22:00:24
123,AGcuber19,16:22:40,AGcuber19,EmmaXLi,1/2-1/2,15:48:34
124,AGcuber19,20:10:49,aidenxzhou,AGcuber19,1-0,20:00:08
125,AGcuber19,21:00:15,AGcuber19,Elaine201,1-0,20:39:19
126,AGcuber19,21:17:32,JasonCao69,AGcuber19,0-1,21:04:34
127,AGcuber19,21:43:10,LukeWang1019,AGcuber19,1-0,21:36:06
128,AGcuber19,15:10:31,tianminlyu,AGcuber19,1-0,15:01:27
129,AGcuber19,15:47:12,AGcuber19,chzpvw,1-0,15:41:16
130,AGcuber19,15:55:09,AGcuber19,albertoherto,1-0,15:47:18
131,AGcuber19,15:59:45,AGcuber19,frosty28,0-1,15:57:34
132,AGcuber19,16:01:31,Pascalonius,AGcuber19,1-0,15:59:49
133,AGcuber19,16:02:06,AGcuber19,GATOQUEEN,1-0,16:01:36
134,AGcuber19,16:03:19,AGcuber19,Masdfqwe123,0-1,16:02:10
135,AGcuber19,16:43:09,grandong_mu,AGcuber19,0-1,16:39:51
136,AGcuber19,20:52:20,yaoamy,AGcuber19,0-1,20:45:05
137,AGcuber19,21:34:37,AGcuber19,andrewlovechess,0-1,21:21:41
138,AGcuber19,22:17:16,lipengye,AGcuber19,0-1,21:55:28
139,AGcuber19,22:50:25,AGcuber19,LauraW0115,0-1,22:27:37
140,AGcuber19,23:02:24,AGcuber19,Barbuddo,0-1,22:50:56
141,AGcuber19,23:11:34,AGcuber19,JelliedWig77,0-1,23:02:38
142,AGcuber19,23:15:06,SweetWildFire01,AGcuber19,0-1,23:11:50
143,AGcuber19,02:12:15,AGcuber19,That1AudioGuy,1-0,02:08:12
144,AGcuber19,02:21:29,NellyNellie,AGcuber19,0-1,02:12:31
145,AGcuber19,02:38:19,AGcuber19,tangledvines,1-0,02:21:42
146,AGcuber19,15:57:13,samnorval,AGcuber19,0-1,15:52:35
147,AGcuber19,18:24:48,billy250qye,AGcuber19,0-1,18:20:54
148,AGcuber19,16:21:50,AGcuber19,bossXXXpedro,0-1,16:15:46
149,AGcuber19,16:25:21,Will_Spark,AGcuber19,1-0,16:22:07
150,AGcuber19,16:37:16,Chowdermate,AGcuber19,1-0,16:25:19
151,AGcuber19,16:39:06,AGcuber19,ultragrandmasterelite,1-0,16:38:40
152,AGcuber19,16:43:22,AGcuber19,Reyseruth,0-1,16:39:06
153,AGcuber19,16:55:19,AGcuber19,thereal_73,1-0,16:51:27
154,AGcuber19,16:57:13,AGcuber19,jmseyelx,1-0,16:55:30
155,AGcuber19,14:05:17,moozy79,AGcuber19,0-1,14:01:55
156,AGcuber19,18:30:11,AGcuber19,MrHeathy,1-0,18:21:41
157,AGcuber19,18:36:37,AGcuber19,Lankard,1-0,18:34:46
158,AGcuber19,14:13:06,AGcuber19,JDawg9231,0-1,13:58:45
159,AGcuber19,14:28:02,claudejory,AGcuber19,1/2-1/2,14:13:40
160,AGcuber19,14:46:00,OnlyGayOnFriday,AGcuber19,1/2-1/2,14:28:32
161,AGcuber19,14:52:09,dinei961487,AGcuber19,0-1,14:46:14
162,AGcuber19,14:56:51,AGcuber19,Levcher_88,1-0,14:56:34
163,AGcuber19,15:09:20,dalimiro,AGcuber19,1-0,14:57:07
164,AGcuber19,15:11:18,AGcuber19,DingDongx,0-1,15:09:28
165,AGcuber19,15:13:12,swagmiti,AGcuber19,1-0,15:11:25
166,AGcuber19,15:15:46,AGcuber19,babypluto362,1-0,15:13:18
167,AGcuber19,15:18:11,AGcuber19,abhansen73,0-1,15:15:55
168,AGcuber19,15:21:09,AGcuber19,lukevanderlinde1224,1-0,15:19:27
169,AGcuber19,15:23:35,Camry555,AGcuber19,1-0,15:21:17
170,AGcuber19,15:27:51,NYKHJD,AGcuber19,1-0,15:23:41
171,AGcuber19,15:44:37,chessmaster69420god,AGcuber19,1-0,15:44:06
172,AGcuber19,15:49:14,AGcuber19,AMEP09,0-1,15:44:39
173,AGcuber19,16:02:04,Geeza80s,AGcuber19,1-0,15:49:14
174,AGcuber19,16:14:15,AGcuber19,Micheal56868,0-1,16:13:21
175,AGcuber19,16:15:49,AGcuber19,Jamescrawford13,1-0,16:14:22
176,AGcuber19,16:24:01,AlejandroStu,AGcuber19,0-1,16:16:02
0,AGcuber19,17:16:47,ElliterateOG,AGcuber19,1-0,17:15:06
1,AGcuber19,17:25:56,AGcuber19,tkvldrtkvldr,0-1,17:16:54
2,AGcuber19,17:28:47,AGcuber19,Smokingbiggy,0-1,17:26:06
3,AGcuber19,17:30:15,AGcuber19,Big_H97,1-0,17:28:59
4,AGcuber19,17:36:11,jacobzorn,AGcuber19,0-1,17:30:35
5,AGcuber19,00:38:36,jweintrau,AGcuber19,1-0,00:32:30
6,AGcuber19,00:40:15,AGcuber19,PaulMoadib12,1-0,00:38:44
7,AGcuber19,00:51:27,Daanoontje010,AGcuber19,0-1,00:40:17
8,AGcuber19,04:22:25,Spacerbxy,AGcuber19,0-1,04:12:39
9,AGcuber19,14:48:13,AGcuber19,xmimicx-tt,0-1,14:40:11
10,AGcuber19,15:27:50,AGcuber19,01014000926,0-1,15:26:39
11,AGcuber19,15:28:31,minkowsky89,AGcuber19,0-1,15:27:57
12,AGcuber19,16:00:06,BurleyWalrus,AGcuber19,0-1,15:56:53
13,AGcuber19,16:07:07,AGcuber19,instringuerbr,1-0,16:03:46
14,AGcuber19,20:49:26,HarryChess2023,AGcuber19,1-0,20:31:57
15,AGcuber19,20:54:24,AGcuber19,zhongzian,1-0,20:52:17
16,AGcuber19,21:35:53,AGcuber19,Elaine201,0-1,21:24:37
17,AGcuber19,21:49:08,marzanko,AGcuber19,0-1,21:37:13
18,AGcuber19,05:13:25,AGcuber19,bob12423,0-1,04:56:40
19,AGcuber19,15:26:03,justinfortnitelover123,AGcuber19,0-1,15:26:03
20,AGcuber19,15:27:57,paul01982,AGcuber19,1-0,15:26:05
21,AGcuber19,15:29:23,AGcuber19,Oerme,1-0,15:27:57
22,AGcuber19,15:31:28,AGcuber19,daftmove,1-0,15:29:27
23,AGcuber19,16:09:20,AGcuber19,TLPAWN,1-0,15:51:23
24,AGcuber19,21:14:15,Panicxm,AGcuber19,1-0,21:09:27
25,AGcuber19,21:17:58,AGcuber19,cmporter42,1-0,21:14:36
26,AGcuber19,21:27:50,AGcuber19,celiks11,1-0,21:18:06
27,AGcuber19,20:51:55,AGcuber19,chessgoodseed,1-0,20:44:55
28,AGcuber19,21:41:38,lipengye,AGcuber19,1/2-1/2,21:13:20
29,AGcuber19,22:09:05,KatelynT1614,AGcuber19,1-0,21:42:05
30,AGcuber19,22:11:58,AGcuber19,drywindytwig,1-0,22:11:15
31,AGcuber19,01:28:34,Hayaizo,AGcuber19,0-1,01:20:51
32,AGcuber19,14:27:26,m_r_23,AGcuber19,1-0,14:23:53
33,AGcuber19,14:31:39,roovens,AGcuber19,0-1,14:27:34
34,AGcuber19,14:32:10,AGcuber19,BrothetTate,1-0,14:31:49
35,AGcuber19,15:55:35,AGcuber19,xiaoanwu,1-0,15:49:01
36,AGcuber19,16:01:10,AGcuber19,Inksi,1/2-1/2,15:59:43
37,AGcuber19,01:08:56,kzaborski,AGcuber19,0-1,00:54:31
38,AGcuber19,20:28:16,AGcuber19,JuIiann,1-0,20:18:07
39,AGcuber19,21:07:37,AGcuber19,somemathguyplayschess,0-1,20:45:36
40,AGcuber19,21:20:47,PrestonZB,AGcuber19,1/2-1/2,21:11:42
41,AGcuber19,22:15:20,zoeychenyh,AGcuber19,0-1,21:47:11
42,AGcuber19,18:54:03,laurent1301,AGcuber19,0-1,18:45:29
43,AGcuber19,19:13:32,AGcuber19,Penguinthing,0-1,18:54:56
44,AGcuber19,21:02:14,Gmasterminor,AGcuber19,0-1,21:00:57
45,AGcuber19,21:16:52,AGcuber19,ddrjee,1-0,21:02:12
46,AGcuber19,15:45:15,AGcuber19,STOCK_fiShi,1-0,15:37:00
47,AGcuber19,15:50:38,AGcuber19,mallicord,0-1,15:48:26
48,AGcuber19,15:52:28,smucibab,AGcuber19,1-0,15:51:14
49,AGcuber19,15:55:23,AGcuber19,mason_005,0-1,15:53:11
50,AGcuber19,15:57:34,935303kr,AGcuber19,0-1,15:55:31
51,AGcuber19,15:59:37,AGcuber19,JackTreacher,1-0,15:57:41
52,AGcuber19,18:03:39,Stuarth12,AGcuber19,0-1,17:54:26
53,AGcuber19,20:15:25,AGcuber19,juan20202021,0-1,20:02:03
54,AGcuber19,20:23:48,AGcuber19,messyjiggler,0-1,20:15:45
55,AGcuber19,20:30:27,Amsshaywae,AGcuber19,0-1,20:24:17
56,AGcuber19,20:32:35,can0123kg,AGcuber19,1-0,20:30:37
57,AGcuber19,20:33:48,AGcuber19,Leozdfh,1-0,20:32:39
0,AGcuber19,21:02:15,Captainrobert07,AGcuber19,0-1,21:02:15
1,AGcuber19,21:37:04,avantuyle,AGcuber19,0-1,21:35:06
2,AGcuber19,21:50:46,AGcuber19,MrBossMan203,1/2-1/2,21:50:46
3,AGcuber19,04:56:31,smerwanji,AGcuber19,1-0,04:54:18
4,AGcuber19,16:20:53,AGcuber19,walterwhite0072,0-1,16:18:44
5,AGcuber19,16:21:51,lipacon414,AGcuber19,1-0,16:21:23
6,AGcuber19,16:24:07,AGcuber19,Deegen2,0-1,16:21:59
7,AGcuber19,18:23:29,SEIHA48,AGcuber19,1-0,18:23:13
8,AGcuber19,18:25:44,AGcuber19,abdullah1419,0-1,18:23:31
9,AGcuber19,18:28:00,AGcuber19,eiskalt361,0-1,18:25:56
10,AGcuber19,18:30:16,eiskalt361,AGcuber19,1/2-1/2,18:28:07
11,AGcuber19,18:32:29,Vrusso19,AGcuber19,0-1,18:30:18
12,AGcuber19,18:34:29,AGcuber19,ankoush123,1-0,18:32:44
13,AGcuber19,18:38:52,Massey08,AGcuber19,1-0,18:34:57
14,AGcuber19,20:14:48,AGcuber19,AlexTheMY,1-0,20:11:31
15,AGcuber19,21:24:17,AGcuber19,Zayed-2,1-0,21:20:43
16,AGcuber19,21:29:42,YouAreMayaHiga,AGcuber19,0-1,21:24:12
17,AGcuber19,21:32:45,AGcuber19,Gosutooo,0-1,21:29:46
18,AGcuber19,21:33:05,ollyh18,AGcuber19,1-0,21:32:52
19,AGcuber19,21:36:38,AGcuber19,ianunsworth7,1-0,21:33:04
20,AGcuber19,21:38:20,msible21,AGcuber19,1-0,21:36:41
21,AGcuber19,21:43:07,AGcuber19,EchoCheck,0-1,21:38:23
22,AGcuber19,21:49:45,rparlange,AGcuber19,1-0,21:43:11
23,AGcuber19,23:37:47,labellam1,AGcuber19,0-1,23:34:16
24,AGcuber19,01:46:14,AGcuber19,Phantumzzzzz,0-1,01:44:09
25,AGcuber19,01:47:05,AGcuber19,TheGreatTrav,0-1,01:46:18
26,AGcuber19,02:26:01,AGcuber19,LogosKing,1-0,02:19:51
27,AGcuber19,02:29:00,sadzeppelin,AGcuber19,1-0,02:26:03
28,AGcuber19,02:32:30,AGcuber19,rparlange,0-1,02:29:09
29,AGcuber19,02:38:41,kevinbowles,AGcuber19,1/2-1/2,02:32:22
30,AGcuber19,03:21:13,ellismerahn,AGcuber19,0-1,03:17:24
31,AGcuber19,03:21:56,MattG1302,AGcuber19,1-0,03:21:19
32,AGcuber19,03:25:06,AGcuber19,jhanskier,0-1,03:23:06
33,AGcuber19,03:27:15,AGcuber19,OGNootera,0-1,03:25:03
34,AGcuber19,03:28:21,Ilikecheeseplease,AGcuber19,1-0,03:27:17
35,AGcuber19,03:30:30,backkdou,AGcuber19,0-1,03:28:25
36,AGcuber19,03:32:43,AGcuber19,rom154,1-0,03:30:41
37,AGcuber19,14:02:32,Tacher2228,AGcuber19,1/2-1/2,14:00:45
38,AGcuber19,14:04:47,AGcuber19,Tyler80085,0-1,14:02:37
39,AGcuber19,14:07:10,mlereis,AGcuber19,1-0,14:04:49
40,AGcuber19,14:13:38,EduardoFerran,AGcuber19,0-1,14:07:22
41,AGcuber19,14:19:22,AGcuber19,Aaronium678,0-1,14:13:45
42,AGcuber19,15:28:01,Marcuss1x,AGcuber19,1/2-1/2,15:13:51
43,AGcuber19,15:51:39,AGcuber19,domema,1-0,15:37:40
44,AGcuber19,16:25:04,AGcuber19,carterg5000,1-0,16:23:51
45,AGcuber19,16:27:20,dima-amid,AGcuber19,0-1,16:25:06
46,AGcuber19,16:29:37,AGcuber19,justin_SM,0-1,16:27:26
47,AGcuber19,23:40:59,poongambit,AGcuber19,1-0,23:31:33
48,AGcuber19,23:47:14,AGcuber19,drjb2,0-1,23:42:45
49,AGcuber19,02:07:23,RonnyTC2020,AGcuber19,1-0,02:04:56
50,AGcuber19,02:13:14,selenecv,AGcuber19,1-0,02:07:27
51,AGcuber19,02:24:55,AGcuber19,BigShox,1-0,02:13:12
52,AGcuber19,02:26:14,Dano_12_3,AGcuber19,0-1,02:24:59
53,AGcuber19,02:37:27,AGcuber19,BlundersInc,1-0,02:30:23
54,AGcuber19,02:38:06,SamHendry,AGcuber19,1-0,02:37:40
55,AGcuber19,02:50:28,AGcuber19,FeanorsShadow,1-0,02:38:17
56,AGcuber19,15:26:24,AGcuber19,qaqaweq,1-0,15:23:20
57,AGcuber19,16:03:59,FrolovDmitry,AGcuber19,1-0,15:55:33
58,AGcuber19,16:06:37,EmmaXLi,AGcuber19,0-1,16:05:15
59,AGcuber19,16:08:18,AGcuber19,kmaf20000gmailcom,1-0,16:07:28
60,AGcuber19,16:11:01,jayphelistier,AGcuber19,1-0,16:08:24
61,AGcuber19,16:15:21,AGcuber19,SB12_422,1-0,16:11:08
62,AGcuber19,16:22:39,AGcuber19,Bo155,0-1,16:15:34
63,AGcuber19,14:29:04,alibakar38,AGcuber19,0-1,14:21:00
64,AGcuber19,16:03:27,DolFan1313,AGcuber19,1-0,15:48:15
65,AGcuber19,03:35:03,AGcuber19,beyinszim,1-0,03:23:34
66,AGcuber19,03:44:20,hugoshale,AGcuber19,1-0,03:34:56
67,AGcuber19,03:52:04,AGcuber19,Oprah_CA,1-0,03:44:38
68,AGcuber19,18:08:53,AGcuber19,bad1flip,1-0,18:34:22
69,AGcuber19,01:46:59,AGcuber19,Nikolis5636,1-0,01:42:04
70,AGcuber19,15:20:11,Pabreezy,AGcuber19,0-1,15:15:19
71,AGcuber19,16:00:21,AGcuber19,m1dochesspro,1-0,15:52:39
72,AGcuber19,20:47:33,akfunchess66,AGcuber19,1-0,20:29:57
73,AGcuber19,21:42:16,AGcuber19,LuanNunes95,1-0,21:15:08
74,AGcuber19,21:49:44,AGcuber19,Colsonlee,1-0,21:42:33
75,AGcuber19,22:26:12,chengliam,AGcuber19,1/2-1/2,22:19:11
76,AGcuber19,22:36:11,AGcuber19,BurleyWalrus,1-0,22:26:39
77,AGcuber19,08:38:45,Oubai345,AGcuber19,1-0,18:41:40
78,AGcuber19,13:32:01,tianminlyu,AGcuber19,0-1,13:25:16
79,AGcuber19,13:42:44,Iorba,AGcuber19,0-1,13:32:10
80,AGcuber19,14:01:51,AGcuber19,Andre_BZR,1-0,13:42:36
81,AGcuber19,16:13:00,AGcuber19,RozoMT,1-0,15:52:54
82,AGcuber19,16:34:29,Marsboom,AGcuber19,0-1,16:31:59
83,AGcuber19,16:46:55,eloradana,AGcuber19,0-1,16:36:13
84,AGcuber19,19:55:00,Fide600,AGcuber19,1-0,19:53:12
0,TLPAWN,16:11:34,oliver2033,TLPAWN,0-1,15:47:11
1,TLPAWN,15:57:17,TLPAWN,averyzh,0-1,15:50:23
2,TLPAWN,22:57:16,TLPAWN,adbrock45,0-1,22:57:06
3,TLPAWN,23:25:59,TLPAWN,imbadatchesslop,0-1,23:17:34
4,TLPAWN,21:36:01,VR_king,TLPAWN,1-0,21:13:04
5,TLPAWN,21:36:50,TLPAWN,VR_king,0-1,21:36:16
6,TLPAWN,15:10:35,TLPAWN,siyuanren,0-1,14:49:55
7,TLPAWN,02:01:13,aqrabalam,TLPAWN,1-0,12:25:06
8,TLPAWN,04:47:16,classical_beast_108,TLPAWN,1-0,12:25:06
9,TLPAWN,15:54:24,TLPAWN,shauryasingh_0009,0-1,12:25:06
10,TLPAWN,07:53:04,TLPAWN,Toomas88,0-1,12:25:06
11,TLPAWN,15:55:09,shauryasingh_0009,TLPAWN,0-1,15:54:24
0,TLPAWN,22:06:29,adrianlauand,TLPAWN,0-1,22:01:51
1,TLPAWN,02:21:42,Toomas88,TLPAWN,1-0,07:53:04
2,TLPAWN,02:22:15,TLPAWN,aqrabalam,0-1,02:01:13
3,TLPAWN,02:22:37,TLPAWN,classical_beast_108,0-1,04:47:17
4,TLPAWN,00:27:48,DavidRafaelGarcia,TLPAWN,1-0,00:24:00
5,TLPAWN,02:10:33,jakegambling,TLPAWN,0-1,01:54:42
6,TLPAWN,16:14:55,TLPAWN,zora_zhu,1-0,15:59:13
7,TLPAWN,20:13:48,NightyRazor,TLPAWN,1-0,20:04:25
8,TLPAWN,02:45:55,TLPAWN,matheusgg10,0-1,02:33:16
9,TLPAWN,02:04:03,jaierndez,TLPAWN,1-0,01:43:24
10,TLPAWN,22:35:27,TLPAWN,yannicklevy,1-0,22:22:58
11,TLPAWN,00:15:53,yueku,TLPAWN,0-1,00:11:06
12,TLPAWN,00:35:55,TLPAWN,ma1storrrrrrrr,1-0,00:18:14
13,TLPAWN,00:52:45,TLPAWN,zaaaccc,0-1,00:36:11
14,TLPAWN,21:24:06,balsa1221,TLPAWN,0-1,21:19:50
15,TLPAWN,22:17:09,fahadlj,TLPAWN,0-1,22:17:09
16,TLPAWN,22:48:44,TLPAWN,Carturan,1-0,22:40:50
17,TLPAWN,16:09:20,AGcuber19,TLPAWN,1-0,15:51:23
18,TLPAWN,18:09:47,TLPAWN,jashhh0,1-0,18:02:09
19,TLPAWN,21:10:41,selinnrkoku,TLPAWN,0-1,21:05:52
20,TLPAWN,23:18:06,TLPAWN,Diegoelmaste,1-0,23:16:02
21,TLPAWN,15:52:26,gilgorians,TLPAWN,1-0,15:35:31
22,TLPAWN,21:13:02,TLPAWN,Snowman1119,1-0,20:44:54
23,TLPAWN,21:21:25,archer_feng,TLPAWN,1-0,21:13:30
24,TLPAWN,21:59:03,TLPAWN,ChessAyla,1-0,21:41:59
25,TLPAWN,22:19:09,zukinizap,TLPAWN,1-0,22:11:15
26,TLPAWN,19:31:50,TLPAWN,gumulka7,0-1,19:26:25
27,TLPAWN,20:44:12,Lumberjack19940,TLPAWN,1/2-1/2,20:20:57
28,TLPAWN,23:25:23,MrPlayzee,TLPAWN,0-1,23:21:36
29,TLPAWN,23:29:47,TLPAWN,AaronB191,1-0,23:26:10
30,TLPAWN,00:13:08,TLPAWN,farhadguli,1-0,00:02:41
31,TLPAWN,01:55:39,TLPAWN,Giroddu,1-0,01:50:15
32,TLPAWN,02:43:33,poochiman,TLPAWN,0-1,02:36:40
33,TLPAWN,22:15:30,TLPAWN,sharkete,1-0,22:07:13
34,TLPAWN,22:53:00,TLPAWN,Wolfen85,1-0,22:47:46
35,TLPAWN,22:53:40,muklej,TLPAWN,0-1,22:37:59
36,TLPAWN,23:23:27,Xoul999,TLPAWN,0-1,23:20:53
37,TLPAWN,22:32:35,Wotyz,TLPAWN,0-1,22:23:47
38,TLPAWN,17:15:29,TLPAWN,tryhardthresh,1-0,17:11:19
39,TLPAWN,18:04:22,gavencombs,TLPAWN,0-1,17:57:22
40,TLPAWN,15:40:47,DygocA,TLPAWN,0-1,15:38:42
41,TLPAWN,15:48:47,TLPAWN,chasenethington,1-0,15:41:34
42,TLPAWN,16:24:21,TLPAWN,fatl33k,1-0,16:20:15
43,TLPAWN,16:55:33,TLPAWN,manuelsheehama,1-0,16:50:37
44,TLPAWN,18:38:29,TLPAWN,parralax2000,0-1,18:34:51
45,TLPAWN,18:45:15,Shizu-kei,TLPAWN,0-1,18:38:38
46,TLPAWN,23:12:27,KingBravo101,TLPAWN,0-1,23:10:11
47,TLPAWN,23:16:30,TLPAWN,XYZ-613-QL43,1-0,23:15:14
48,TLPAWN,23:21:31,Alexandria228,TLPAWN,0-1,23:16:49
49,TLPAWN,23:22:51,TLPAWN,Stuuu102,1-0,23:22:00
50,TLPAWN,23:24:32,TLPAWN,docthorjones,1-0,23:22:53
51,TLPAWN,23:24:58,IAMSOLONLY,TLPAWN,0-1,23:24:36
52,TLPAWN,23:27:00,2_Papi,TLPAWN,0-1,23:25:01
53,TLPAWN,23:28:56,TLPAWN,XxphelypexX,1-0,23:27:32
54,TLPAWN,23:30:08,tim12345678,TLPAWN,0-1,23:29:03
55,TLPAWN,23:31:17,TLPAWN,Buttwhuppin,1-0,23:30:11
56,TLPAWN,23:33:21,TLPAWN,SpikeSpiegel009,0-1,23:31:24
57,TLPAWN,23:35:15,DavidVegaMolina,TLPAWN,0-1,23:33:26
58,TLPAWN,23:37:29,Checkmated808,TLPAWN,0-1,23:35:17
59,TLPAWN,23:39:37,TLPAWN,Brendoseven,0-1,23:37:36
60,TLPAWN,23:40:03,supermanspunch,TLPAWN,0-1,23:39:43
61,TLPAWN,23:42:17,TLPAWN,Cartagena5,0-1,23:40:10
62,TLPAWN,23:44:50,BestMCCButImtheQueen,TLPAWN,1-0,23:42:37
63,TLPAWN,00:54:51,TLPAWN,SvenskaPojken,0-1,00:54:10
64,TLPAWN,00:55:22,TLPAWN,dopefungi,0-1,00:54:59
65,TLPAWN,00:58:15,oguking10,TLPAWN,0-1,00:56:08
66,TLPAWN,01:07:06,TLPAWN,ramal1661,0-1,01:06:17
67,TLPAWN,01:55:52,dopefungi,TLPAWN,1/2-1/2,01:40:52
68,TLPAWN,19:02:38,TLPAWN,cobyali,1-0,18:57:24
69,TLPAWN,19:11:08,turcotte2000,TLPAWN,0-1,19:02:47
70,TLPAWN,19:14:27,wiffwaffderf179,TLPAWN,0-1,19:12:54
71,TLPAWN,19:22:55,cizzasoft,TLPAWN,0-1,19:14:32
72,TLPAWN,19:28:25,TLPAWN,MaxBartonIsBad,1-0,19:23:44
73,TLPAWN,19:54:27,Cavorsi,TLPAWN,0-1,19:48:57
74,TLPAWN,20:00:38,TLPAWN,vatson710,1-0,19:55:24
75,TLPAWN,21:07:31,TLPAWN,st1LLsy,1-0,21:00:46
76,TLPAWN,21:35:50,TLPAWN,christopheidoux,0-1,21:35:05
77,TLPAWN,22:06:00,WaltaFlocka,TLPAWN,0-1,21:57:52
78,TLPAWN,22:15:00,R00kh,TLPAWN,1/2-1/2,22:06:24
79,TLPAWN,22:19:10,TLPAWN,topingos,1-0,22:16:41
80,TLPAWN,22:47:27,TLPAWN,TheBystaander,1-0,22:39:01
81,TLPAWN,23:00:31,sreedharshivapuram,TLPAWN,0-1,22:57:02
82,TLPAWN,23:21:23,TLPAWN,Yoshiiimura,1-0,23:15:22
83,TLPAWN,23:28:53,TLPAWN,glicicciopasticcio,1/2-1/2,23:22:46
84,TLPAWN,23:46:07,TLPAWN,Speedyrapido,1-0,23:43:58
85,TLPAWN,23:51:56,Lpalatnik7,TLPAWN,0-1,23:46:10
86,TLPAWN,00:03:47,TLPAWN,VR_king,1/2-1/2,23:53:07
87,TLPAWN,00:19:23,VR_king,TLPAWN,1-0,00:08:02
88,TLPAWN,01:09:48,Ile4na,TLPAWN,0-1,01:06:24
89,TLPAWN,01:12:16,TLPAWN,markofif,1/2-1/2,01:10:55
90,TLPAWN,01:16:00,Relaxedches,TLPAWN,0-1,01:12:15
91,TLPAWN,01:26:15,TLPAWN,hasanarslanofficical,1-0,01:16:24
92,TLPAWN,01:39:21,TLPAWN,seius,1-0,01:35:03
93,TLPAWN,02:02:07,alexm197,TLPAWN,0-1,01:55:02
94,TLPAWN,15:52:15,TLPAWN,BurleyWalrus,1-0,15:49:01
95,TLPAWN,16:13:35,maranvlz18,TLPAWN,1-0,15:59:01
96,TLPAWN,16:21:28,ProfessorZadnny,TLPAWN,0-1,16:13:44
97,TLPAWN,16:27:39,MousaAlzubaidi,TLPAWN,0-1,16:25:08
98,TLPAWN,16:40:07,TLPAWN,Alpengreis1,1-0,16:28:34
99,TLPAWN,17:50:15,andyana1,TLPAWN,0-1,17:36:50
100,TLPAWN,18:15:40,TLPAWN,johnamundsen,1-0,18:15:03
101,TLPAWN,18:17:19,TLPAWN,PAULOVSKY72,1-0,18:16:22
102,TLPAWN,18:23:40,exar,TLPAWN,0-1,18:18:04
103,TLPAWN,22:56:09,TLPAWN,Lil_Gook,1-0,22:41:17
104,TLPAWN,23:04:51,EthanBennettt,TLPAWN,1-0,22:56:55
105,TLPAWN,23:51:11,TLPAWN,Gerika_KK,1-0,23:35:09
106,TLPAWN,00:52:40,ralphfengye,TLPAWN,0-1,00:19:17
107,TLPAWN,01:33:05,vega113,TLPAWN,1-0,01:00:05
108,TLPAWN,01:38:27,Zefyxyfez,TLPAWN,0-1,01:35:45
109,TLPAWN,02:07:09,ntpl2012,TLPAWN,0-1,02:05:04
110,TLPAWN,15:49:26,TLPAWN,domgza,1-0,15:35:39
111,TLPAWN,16:24:51,TLPAWN,Or5057,0-1,16:09:46
112,TLPAWN,21:00:19,TLPAWN,markhushen,0-1,20:45:40
113,TLPAWN,21:47:02,chenyinger,TLPAWN,1-0,21:11:43
114,TLPAWN,21:47:37,TLPAWN,D_RyanKingPhD,1-0,21:24:18
0,TLPAWN,16:32:19,xiaoanwu,TLPAWN,0-1,16:00:21
1,TLPAWN,16:21:56,TLPAWN,EmmaXLi,0-1,15:55:06
2,TLPAWN,21:21:54,TLPAWN,Mightyluyi,1-0,21:15:15
3,TLPAWN,22:00:00,TLPAWN,chessgoodseed,1-0,21:42:26
4,TLPAWN,22:35:07,HarryChess2023,TLPAWN,0-1,22:19:08
5,TLPAWN,21:05:59,hackman17,TLPAWN,1-0,21:03:33
6,TLPAWN,21:23:15,farmermcdank69,TLPAWN,1-0,21:20:29
7,TLPAWN,16:19:38,akfunchess66,TLPAWN,0-1,15:51:20
8,TLPAWN,20:40:34,TLPAWN,Colsonlee,1-0,20:00:18
9,TLPAWN,21:16:10,chess_wendy,TLPAWN,0-1,20:40:46
10,TLPAWN,21:42:34,TLPAWN,EggWhite0805,1/2-1/2,21:19:17
11,TLPAWN,22:06:51,TLPAWN,WittyCoyotte,0-1,21:58:56
12,TLPAWN,21:07:19,VR_king,TLPAWN,1/2-1/2,21:06:45
13,TLPAWN,21:11:20,VR_king,TLPAWN,0-1,21:08:56
14,TLPAWN,21:18:34,VR_king,TLPAWN,1-0,21:14:52
0,xiaoanwu,16:23:16,xiaoanwu,EmmaXLi,1/2-1/2,15:51:42
1,xiaoanwu,22:23:28,xiaoanwu,chevalier689,1-0,22:04:40
2,xiaoanwu,15:06:52,tianminlyu,xiaoanwu,0-1,15:05:50
3,xiaoanwu,15:25:29,xiaoanwu,tianminlyu,0-1,15:06:49
0,xiaoanwu,00:17:32,Ravenclawfairy,xiaoanwu,1-0,00:06:51
1,xiaoanwu,00:28:13,zora_zhu,xiaoanwu,0-1,00:00:58
2,xiaoanwu,15:55:35,AGcuber19,xiaoanwu,1-0,15:49:01
0,xiaoanwu,16:32:19,xiaoanwu,TLPAWN,0-1,16:00:21
1,xiaoanwu,16:06:25,xiaoanwu,BurleyWalrus,0-1,15:53:58
2,xiaoanwu,22:10:36,EmmaXLi,xiaoanwu,1-0,22:01:53
0,EmmaXLi,16:23:16,xiaoanwu,EmmaXLi,1/2-1/2,15:51:42
1,EmmaXLi,21:23:15,aidenxzhou,EmmaXLi,1-0,20:45:00
2,EmmaXLi,21:45:52,EmmaXLi,Elaine201,1-0,21:23:29
3,EmmaXLi,16:22:40,AGcuber19,EmmaXLi,1/2-1/2,15:48:34
4,EmmaXLi,15:07:01,EmmaXLi,tianminlyu,1-0,15:07:00
5,EmmaXLi,15:30:37,EmmaXLi,tianminlyu,1-0,15:09:15
6,EmmaXLi,16:00:08,EmmaXLi,tianminlyu,1-0,15:36:19
0,EmmaXLi,02:46:10,hahatt9898,EmmaXLi,0-1,02:44:32
1,EmmaXLi,03:09:57,EmmaXLi,AashiMundhara,1-0,02:50:38
2,EmmaXLi,01:25:58,pacharachaicharoen,EmmaXLi,0-1,01:16:29
3,EmmaXLi,16:25:15,claraqiu,EmmaXLi,0-1,15:56:36
4,EmmaXLi,22:26:10,JiiG74,EmmaXLi,0-1,21:58:39
5,EmmaXLi,16:07:30,EmmaXLi,Ravenclawfairy,1-0,15:52:38
6,EmmaXLi,03:12:50,timeistruevalue,EmmaXLi,1-0,02:55:09
7,EmmaXLi,03:50:49,EmmaXLi,marcusflinn1,1-0,03:14:16
8,EmmaXLi,16:36:43,EmmaXLi,zora_zhu,1-0,16:06:17
9,EmmaXLi,21:00:12,EmmaXLi,angelazhangangelazhang,1/2-1/2,20:45:41
10,EmmaXLi,21:39:08,ethanxue15,EmmaXLi,0-1,21:11:51
11,EmmaXLi,22:21:00,sakuragl,EmmaXLi,0-1,21:47:30
12,EmmaXLi,22:49:20,EmmaXLi,chengliam,1-0,22:21:16
0,EmmaXLi,16:03:59,EmmaXLi,AGcuber19,1-0,15:55:33
1,EmmaXLi,16:21:56,TLPAWN,EmmaXLi,0-1,15:55:06
2,EmmaXLi,21:08:46,DanYhG2020,EmmaXLi,0-1,20:45:15
3,EmmaXLi,21:41:02,EmmaXLi,EmilyLPC,1-0,21:15:20
4,EmmaXLi,22:14:54,andrewx321,EmmaXLi,0-1,21:42:38
5,EmmaXLi,22:10:36,EmmaXLi,xiaoanwu,1-0,22:01:53
0,akfunchess66,15:58:03,ryanxuef,akfunchess66,0-1,15:49:20
1,akfunchess66,15:57:38,akfunchess66,secretscore102467,1-0,15:48:59
2,akfunchess66,20:14:51,hugeggshell,akfunchess66,1-0,19:59:57
3,akfunchess66,20:44:06,LauraW0115,akfunchess66,0-1,20:39:23
4,akfunchess66,15:16:32,akfunchess66,tianminlyu,0-1,15:02:43
5,akfunchess66,21:29:37,akfunchess66,LauraW0115,0-1,21:21:25
6,akfunchess66,22:05:30,zoeychenyh,akfunchess66,0-1,22:05:30
7,akfunchess66,22:40:47,akfunchess66,victoryunlong,0-1,22:27:49
0,akfunchess66,00:42:07,BlueTheGD,akfunchess66,0-1,00:31:30
1,akfunchess66,23:39:24,sethcallina,akfunchess66,0-1,23:35:44
2,akfunchess66,16:21:07,akfunchess66,Marsboom,1-0,15:55:39
3,akfunchess66,16:02:30,akfunchess66,claraqiu,1-0,15:52:23
4,akfunchess66,22:27:35,akfunchess66,owen134679,0-1,22:12:42
5,akfunchess66,22:32:25,jordanclarkerz,akfunchess66,0-1,22:28:13
6,akfunchess66,22:53:14,ryhansheik,akfunchess66,1-0,22:33:22
7,akfunchess66,00:13:23,MlgMatti,akfunchess66,1-0,23:59:34
8,akfunchess66,00:45:01,akfunchess66,iFelix0326,0-1,00:18:50
9,akfunchess66,21:06:55,akfunchess66,Ravenclawfairy,1-0,21:01:05
0,akfunchess66,16:00:55,akfunchess66,zora_zhu,1-0,15:56:01
1,akfunchess66,16:00:21,akfunchess66,AGcuber19,1-0,15:52:39
2,akfunchess66,23:11:19,xxdoodleboyxx,akfunchess66,1-0,23:01:59
3,akfunchess66,23:20:23,akramen10,akfunchess66,0-1,23:12:53
4,akfunchess66,01:41:37,akfunchess66,ilene4,0-1,01:22:11
5,akfunchess66,23:43:51,akfunchess66,Marsboom,1-0,23:30:08
6,akfunchess66,16:19:38,akfunchess66,TLPAWN,0-1,15:51:20
7,akfunchess66,00:48:00,isababisa,akfunchess66,0-1,01:31:09
0,Marsboom,15:32:30,AlanTenishev444,Marsboom,0-1,15:28:16
1,Marsboom,15:40:36,Marsboom,sammie_m89,0-1,15:35:35
2,Marsboom,15:56:48,sammie_m89,Marsboom,0-1,15:40:47
3,Marsboom,17:13:15,Marsboom,EvelynElephant,1-0,17:02:40
4,Marsboom,21:58:06,FILLE19,Marsboom,1-0,21:53:43
5,Marsboom,13:04:54,Marsboom,martininv,1-0,12:57:10
6,Marsboom,13:17:17,Raaul07,Marsboom,1-0,13:05:11
7,Marsboom,20:36:55,Marsboom,edva96,1/2-1/2,20:21:36
8,Marsboom,20:40:09,LeonardoAbramson,Marsboom,1-0,20:38:56
9,Marsboom,20:59:03,Marsboom,zukinizap,0-1,20:45:10
10,Marsboom,01:22:30,EthosGuy,Marsboom,0-1,01:00:32
11,Marsboom,13:31:24,Chubbyrainn,Marsboom,1-0,13:30:31
12,Marsboom,13:33:27,Marsboom,ganeshmahidhar1312,1-0,13:32:00
13,Marsboom,13:50:03,BlueWolfBW,Marsboom,0-1,13:36:17
14,Marsboom,13:58:54,Marsboom,arentezer08,1-0,13:55:32
15,Marsboom,17:16:19,yaohengli,Marsboom,0-1,17:02:08
16,Marsboom,14:36:44,Marsboom,myrkkymakezu,1-0,14:32:41
17,Marsboom,14:48:43,uuber,Marsboom,1-0,14:37:46
18,Marsboom,01:08:33,Marsboom,vangjelthoma,1-0,00:50:18
19,Marsboom,00:53:54,EagleOfRage,Marsboom,1-0,00:48:23
20,Marsboom,01:01:06,Marsboom,Holiort,1-0,00:54:05
21,Marsboom,22:13:33,PinkCaveMonster,Marsboom,0-1,21:56:13
22,Marsboom,01:19:08,picipeti05,Marsboom,0-1,01:03:45
23,Marsboom,13:25:17,Marsboom,mhmhts,0-1,13:13:57
24,Marsboom,16:33:47,tianminlyu,Marsboom,1-0,16:16:09
25,Marsboom,16:05:42,Marsboom,Gatikbza,1-0,16:04:01
26,Marsboom,16:09:11,Darkniamor,Marsboom,1-0,16:07:38
27,Marsboom,19:17:02,Marsboom,AEKB11,0-1,19:01:54
28,Marsboom,01:31:33,jumpy3030,Marsboom,0-1,01:11:46
0,Marsboom,13:11:38,Tru3y,Marsboom,1-0,12:50:37
1,Marsboom,13:20:22,Marsboom,Vimegh,1-0,13:12:11
2,Marsboom,10:35:01,Marsboom,KisielWieprzowy,0-1,10:20:23
3,Marsboom,01:39:47,darvan23,Marsboom,1-0,01:34:58
4,Marsboom,00:35:07,Alawwad911,Marsboom,0-1,00:19:52
5,Marsboom,13:15:17,Marsboom,the_micc84,1-0,13:13:19
6,Marsboom,13:28:20,Marsboom,IhtiyarAbdurahmanov,0-1,13:19:05
7,Marsboom,16:21:07,akfunchess66,Marsboom,1-0,15:55:39
8,Marsboom,14:39:14,Codebreeker,Marsboom,0-1,14:31:27
9,Marsboom,14:42:48,Marsboom,lolpicollo,1-0,14:41:05
10,Marsboom,15:00:56,lexapobeda,Marsboom,0-1,14:43:07
11,Marsboom,16:02:43,Marsboom,BurleyWalrus,1-0,15:55:06
12,Marsboom,01:17:37,Marsboom,dojcanj,1-0,00:51:21
13,Marsboom,00:53:04,Marsboom,LPFauv,1-0,00:43:03
14,Marsboom,16:04:02,claraqiu,Marsboom,0-1,15:48:13
15,Marsboom,01:28:30,jman19o1,Marsboom,1-0,01:13:06
16,Marsboom,13:46:47,Marsboom,Alialsokhny,1-0,13:43:11
17,Marsboom,13:51:25,Marsboom,pierretrabaldo,0-1,13:47:11
18,Marsboom,13:53:38,tk3z,Marsboom,1-0,13:51:46
0,Marsboom,14:48:01,Ravenclawfairy,Marsboom,0-1,14:31:44
1,Marsboom,12:50:10,Enxadrao,Marsboom,0-1,12:35:13
2,Marsboom,13:14:12,Marsboom,Matcross7,0-1,12:50:56
3,Marsboom,00:56:38,raheem67,Marsboom,0-1,00:38:05
4,Marsboom,16:11:39,zora_zhu,Marsboom,0-1,15:57:08
5,Marsboom,00:57:05,Marsboom,stekkk4,1-0,00:32:06
6,Marsboom,16:14:36,Marsboom,polinopopo,1/2-1/2,15:48:06
7,Marsboom,20:41:56,andresserec,Marsboom,0-1,20:36:58
8,Marsboom,20:59:01,Marsboom,kaiser195,1-0,20:42:23
9,Marsboom,01:08:52,Marsboom,Z06Mike,1-0,00:50:17
10,Marsboom,01:31:30,hamidjavidanfar,Marsboom,1-0,01:10:51
11,Marsboom,23:43:51,akfunchess66,Marsboom,1-0,23:30:08
12,Marsboom,16:13:00,Marsboom,AGcuber19,1-0,15:52:54
13,Marsboom,13:21:18,Marsboom,cuttoaction,0-1,13:08:13
14,Marsboom,13:30:35,Bbarcia,Marsboom,1-0,13:21:32
15,Marsboom,13:55:08,themaster67478,Marsboom,0-1,13:31:23
16,Marsboom,14:07:36,surxaq,Marsboom,1-0,13:55:35
17,Marsboom,00:19:47,Marsboom,Oppermp,1-0,00:00:51
18,Marsboom,00:49:30,TheoMartinis,Marsboom,1-0,00:20:28
19,Marsboom,00:42:27,Marsboom,cevu315,0-1,00:34:18
20,Marsboom,00:50:57,Marsboom,chessbobhadley,1-0,00:42:38
21,Marsboom,23:19:42,Marsboom,echelonce,1-0,23:17:07
22,Marsboom,23:29:42,Realszlimshadyy,Marsboom,1-0,23:21:33
0,Claraqiu,19:31:32,claraqiu,secretscore102467,1-0,19:09:32
1,Claraqiu,20:16:43,claraqiu,notZayo,0-1,19:51:49
2,Claraqiu,01:19:28,claraqiu,chevalier689,0-1,00:40:53
3,Claraqiu,15:58:25,claraqiu,REBECCAFENG,1-0,15:49:28
4,Claraqiu,20:31:54,ChendoCorleone,claraqiu,1-0,20:03:24
5,Claraqiu,20:39:40,darkside_95,claraqiu,1-0,20:32:06
6,Claraqiu,15:04:37,claraqiu,tianminlyu,1-0,15:03:47
7,Claraqiu,15:07:20,claraqiu,tianminlyu,1-0,15:07:19
8,Claraqiu,15:10:43,claraqiu,tianminlyu,1-0,15:10:42
9,Claraqiu,15:12:25,claraqiu,tianminlyu,1-0,15:12:24
10,Claraqiu,15:27:05,tianminlyu,claraqiu,1-0,15:13:28
11,Claraqiu,15:57:35,ilushaaaaaaaaaa,claraqiu,1-0,15:37:02
12,Claraqiu,21:40:13,claraqiu,chessqiu,1-0,21:34:43
13,Claraqiu,22:10:12,chessqiu,claraqiu,1-0,21:41:52
14,Claraqiu,22:41:43,claraqiu,chessqiu,0-1,22:16:47
0,Claraqiu,16:25:15,claraqiu,EmmaXLi,0-1,15:56:36
1,Claraqiu,14:08:36,listironly,claraqiu,1-0,14:07:28
2,Claraqiu,16:02:30,akfunchess66,claraqiu,1-0,15:52:23
3,Claraqiu,14:50:50,TRK4120,claraqiu,1-0,14:44:29
4,Claraqiu,15:12:31,claraqiu,MrPizza-Man,1/2-1/2,14:52:46
5,Claraqiu,16:04:02,claraqiu,Marsboom,0-1,15:48:13
0,Claraqiu,14:41:34,claraqiu,bige445,1/2-1/2,14:35:33
1,Claraqiu,16:22:56,BurleyWalrus,claraqiu,1-0,15:55:04
2,Claraqiu,20:36:45,HarryChess2023,claraqiu,0-1,19:59:58
3,Claraqiu,20:46:57,claraqiu,somemathguyplayschess,0-1,20:46:57
4,Claraqiu,22:04:56,OliviaL16925,claraqiu,1-0,21:54:45
5,Claraqiu,01:34:17,claraqiu,ohlagilagi,0-1,01:33:07
6,Claraqiu,01:56:16,claraqiu,asezz0,0-1,01:35:31
7,Claraqiu,16:07:59,Ravenclawfairy,claraqiu,1-0,15:55:47
8,Claraqiu,16:39:46,claraqiu,hugorask06,0-1,16:14:06
9,Claraqiu,16:43:31,loganj123456,claraqiu,1-0,16:39:48
10,Claraqiu,17:06:25,svenjv25,claraqiu,1-0,16:44:48
11,Claraqiu,20:23:45,claraqiu,CheesyChess2000,1-0,20:20:52
12,Claraqiu,21:40:22,claraqiu,nicopoupe,1-0,21:20:49
13,Claraqiu,15:57:12,zora_zhu,claraqiu,1-0,15:52:20
14,Claraqiu,16:24:09,claraqiu,zora_zhu,0-1,15:57:42
15,Claraqiu,20:23:13,claraqiu,chengliam,0-1,20:00:29
16,Claraqiu,21:08:45,claraqiu,HarryChess2023,0-1,20:40:45
17,Claraqiu,21:44:32,Colsonlee,claraqiu,0-1,21:19:23
18,Claraqiu,22:19:34,happysoph,claraqiu,1-0,21:58:56
19,Claraqiu,22:50:41,claraqiu,chessqiu,0-1,22:42:12
20,Claraqiu,16:39:54,Serg999C,claraqiu,1-0,16:29:14
21,Claraqiu,02:29:51,jchien1,claraqiu,0-1,02:09:33
0,Ravenclawfairy,02:31:31,Ravenclawfairy,yoyomandy,1-0,02:01:56
1,Ravenclawfairy,02:30:25,CharlieZHOU16,Ravenclawfairy,1-0,02:02:14
2,Ravenclawfairy,02:15:08,kai20150909,Ravenclawfairy,0-1,02:03:04
3,Ravenclawfairy,01:37:22,Ravenclawfairy,QIJI666,0-1,01:23:06
4,Ravenclawfairy,21:15:25,Ravenclawfairy,kai20150909,0-1,21:06:41
5,Ravenclawfairy,21:32:25,kai20150909,Ravenclawfairy,0-1,21:09:30
0,Ravenclawfairy,00:17:32,Ravenclawfairy,xiaoanwu,1-0,00:06:51
1,Ravenclawfairy,16:07:30,EmmaXLi,Ravenclawfairy,1-0,15:52:38
2,Ravenclawfairy,21:06:55,akfunchess66,Ravenclawfairy,1-0,21:01:05
0,Ravenclawfairy,23:10:25,Ravenclawfairy,wwebbIV,0-1,22:51:24
1,Ravenclawfairy,14:48:01,Ravenclawfairy,Marsboom,0-1,14:31:44
2,Ravenclawfairy,16:07:59,Ravenclawfairy,claraqiu,1-0,15:55:47
3,Ravenclawfairy,16:06:53,BurleyWalrus,Ravenclawfairy,1-0,15:51:19
4,Ravenclawfairy,23:42:47,Bruhaps2,Ravenclawfairy,0-1,23:20:28
0,Zora_zhu,23:46:50,zora_zhu,Ar4ibald8,1-0,23:44:04
1,Zora_zhu,00:16:54,ProperClock,zora_zhu,1-0,23:47:19
2,Zora_zhu,16:14:55,TLPAWN,zora_zhu,1-0,15:59:13
3,Zora_zhu,16:09:47,zora_zhu,medowla23,1-0,15:54:45
4,Zora_zhu,21:13:15,zora_zhu,archer_feng,0-1,20:44:51
5,Zora_zhu,21:39:59,Snowman1119,zora_zhu,1-0,21:13:23
6,Zora_zhu,21:08:43,DanielyanArtyom,zora_zhu,0-1,21:00:15
7,Zora_zhu,00:28:13,zora_zhu,xiaoanwu,0-1,00:00:58
8,Zora_zhu,16:05:25,zora_zhu,Mondfisch168,0-1,16:04:57
9,Zora_zhu,16:36:43,EmmaXLi,zora_zhu,1-0,16:06:17
10,Zora_zhu,00:21:06,jonathanak08,zora_zhu,1/2-1/2,23:57:59
11,Zora_zhu,00:23:12,zora_zhu,jonathanak08,0-1,00:21:38
12,Zora_zhu,00:36:21,jonathanak08,zora_zhu,0-1,00:23:49
13,Zora_zhu,00:39:49,zora_zhu,jonathanak08,0-1,00:36:29
14,Zora_zhu,00:57:21,jonathanak08,zora_zhu,1/2-1/2,00:40:13
15,Zora_zhu,21:07:09,zora_zhu,augustinewz,1/2-1/2,20:45:31
16,Zora_zhu,21:17:22,zora_zhu,danieldong0619,0-1,21:11:46
0,Zora_zhu,16:00:55,akfunchess66,zora_zhu,1-0,15:56:01
1,Zora_zhu,20:08:51,zora_zhu,tutuyellow,1-0,20:00:04
2,Zora_zhu,20:46:59,EddieLC,zora_zhu,1-0,20:36:58
3,Zora_zhu,21:31:53,danieldong0619,zora_zhu,1-0,21:14:49
4,Zora_zhu,22:14:10,zora_zhu,Irene_Lin,0-1,21:54:35
5,Zora_zhu,23:44:34,chl0eb1,zora_zhu,1-0,23:34:59
6,Zora_zhu,01:39:32,Talacruz,zora_zhu,0-1,01:22:27
7,Zora_zhu,16:11:39,zora_zhu,Marsboom,0-1,15:57:08
8,Zora_zhu,16:24:01,alililo21459,zora_zhu,0-1,16:12:36
9,Zora_zhu,18:43:38,zora_zhu,Breezy4121,1-0,18:37:13
10,Zora_zhu,18:50:31,zora_zhu,GinoDom,1-0,18:47:30
11,Zora_zhu,18:57:02,zora_zhu,URMUMZZY,1-0,18:53:07
12,Zora_zhu,20:37:27,drjjl,zora_zhu,1-0,20:33:47
13,Zora_zhu,20:58:02,zora_zhu,HarryChess2023,0-1,20:45:03
14,Zora_zhu,21:36:11,BurleyWalrus,zora_zhu,1-0,21:15:01
15,Zora_zhu,21:48:56,zora_zhu,oinkoinkw,1-0,21:42:23
16,Zora_zhu,22:26:00,PeterLiu806,zora_zhu,1/2-1/2,22:19:06
17,Zora_zhu,15:57:12,zora_zhu,claraqiu,1-0,15:52:20
18,Zora_zhu,16:24:09,claraqiu,zora_zhu,0-1,15:57:42
19,Zora_zhu,20:46:02,zora_zhu,chessgoodseed,0-1,20:40:51
20,Zora_zhu,21:23:15,henryk129,zora_zhu,0-1,21:19:28
21,Zora_zhu,22:16:34,zora_zhu,MoonyOwl,0-1,21:58:56
22,Zora_zhu,23:07:33,vasisht1020,zora_zhu,0-1,22:50:10
23,Zora_zhu,23:17:12,pawnstar123456789101112,zora_zhu,1-0,23:15:25
24,Zora_zhu,23:33:05,zora_zhu,SMP1100,1/2-1/2,23:17:19
25,Zora_zhu,19:50:37,supertatz,zora_zhu,0-1,19:46:42
26,Zora_zhu,01:42:56,JUBPerfect,zora_zhu,0-1,01:31:49
0,BurleyWalrus,15:38:50,BurleyWalrus,RyderXW,0-1,15:28:43
1,BurleyWalrus,15:42:13,evanaugh,BurleyWalrus,1-0,15:41:40
2,BurleyWalrus,15:51:17,RyderXW,BurleyWalrus,1-0,15:42:25
0,BurleyWalrus,20:41:15,BurleyWalrus,omarhashem1,0-1,20:34:49
1,BurleyWalrus,20:42:49,Tbegschesstime1,BurleyWalrus,1-0,20:41:48
2,BurleyWalrus,16:00:06,BurleyWalrus,AGcuber19,0-1,15:56:53
3,BurleyWalrus,16:02:43,Marsboom,BurleyWalrus,1-0,15:55:06
4,BurleyWalrus,15:52:38,BurleyWalrus,casfeijen25348,0-1,15:29:05
5,BurleyWalrus,15:52:15,TLPAWN,BurleyWalrus,1-0,15:49:01
0,BurleyWalrus,16:22:56,BurleyWalrus,claraqiu,1-0,15:55:04
1,BurleyWalrus,20:10:58,BurleyWalrus,EddieLC,0-1,20:00:10
2,BurleyWalrus,20:50:23,BurleyWalrus,HarryChess2023,1-0,20:36:59
3,BurleyWalrus,21:31:49,drywindytwig,BurleyWalrus,1-0,21:14:48
4,BurleyWalrus,16:06:25,xiaoanwu,BurleyWalrus,0-1,15:53:58
5,BurleyWalrus,20:57:10,archer_feng,BurleyWalrus,1-0,20:45:12
6,BurleyWalrus,21:36:11,BurleyWalrus,zora_zhu,1-0,21:15:01
7,BurleyWalrus,21:52:30,EmilyLPC,BurleyWalrus,0-1,21:52:30
8,BurleyWalrus,22:26:12,AGcuber19,BurleyWalrus,1/2-1/2,22:19:11
9,BurleyWalrus,23:58:10,BurleyWalrus,strikypasta,1-0,23:41:41
10,BurleyWalrus,23:45:35,littlettimy,BurleyWalrus,1-0,23:34:50
11,BurleyWalrus,16:06:53,BurleyWalrus,Ravenclawfairy,1-0,15:51:19
12,BurleyWalrus,20:15:23,isaaclei123,BurleyWalrus,0-1,20:00:23
13,BurleyWalrus,20:58:08,BurleyWalrus,Snowman1119,0-1,20:40:42
14,BurleyWalrus,21:25:04,ArthurRocket,BurleyWalrus,1-0,21:19:31
15,BurleyWalrus,22:15:36,BurleyWalrus,Irene_Lin,1/2-1/2,21:58:55
16,BurleyWalrus,01:29:29,ceckson,BurleyWalrus,1-0,01:17:13
17,BurleyWalrus,23:59:13,BurleyWalrus,jamesbros2,0-1,23:49:08
18,BurleyWalrus,02:02:05,markosborne88,BurleyWalrus,0-1,01:48:19
0,taionemm,13:14:02,taionemm,Blackpawn69xd,0-1,13:13:13
1,taionemm,13:32:06,taionemm,Shiwarine,0-1,13:14:42
2,taionemm,13:38:05,taionemm,Tobii_Caab,0-1,13:32:38
3,taionemm,13:55:30,MrKarki1,taionemm,1-0,13:41:50
4,taionemm,17:32:25,taionemm,KatelynT1614,0-1,16:58:55
5,taionemm,17:02:12,rosiezeng,taionemm,1-0,16:57:38
6,taionemm,17:17:01,taionemm,rosiezeng,1-0,17:06:17
7,taionemm,15:19:02,taiwanmeimei,taionemm,1-0,15:12:46
8,taionemm,15:24:58,taionemm,taiwanmeimei,0-1,15:19:27
9,taionemm,15:34:59,taiwanmeimei,taionemm,0-1,15:25:38
10,taionemm,15:46:36,taionemm,taiwanmeimei,0-1,15:37:28
11,taionemm,16:32:58,tianminlyu,taionemm,1-0,16:21:46
12,taionemm,20:08:52,taionemm,rfindell,0-1,20:04:30
13,taionemm,20:17:59,taionemm,Jachowiecki,1-0,20:09:51
14,taionemm,20:51:15,KaryXess,taionemm,0-1,20:18:33
15,taionemm,00:52:50,PorridgeThrower,taionemm,0-1,00:51:00
16,taionemm,01:00:44,taionemm,KiLaLak,1-0,00:56:38
17,taionemm,01:01:08,Chocophia,taionemm,0-1,01:00:58
18,taionemm,01:07:29,taionemm,brar2003,0-1,01:01:24
19,taionemm,01:07:43,taionemm,Chocophia,1-0,01:07:39
20,taionemm,01:18:16,pstgeme,taionemm,1-0,01:08:14
21,taionemm,15:36:04,taionemm,GogaKler_2,0-1,15:31:20
22,taionemm,15:44:27,CloudedQuartz,taionemm,1/2-1/2,15:36:29
23,taionemm,15:57:42,krithegoat,taionemm,1-0,15:44:50
0,taionemm,20:28:06,taionemm,sdave07,1-0,20:20:22
1,taionemm,20:29:12,Penguinfloof,taionemm,1-0,20:28:16
2,taionemm,20:35:56,sdave07,taionemm,0-1,20:29:22
3,taionemm,20:46:15,taionemm,janicemary1,0-1,20:36:25
4,taionemm,17:36:43,yumitang,taionemm,1/2-1/2,17:06:02
5,taionemm,03:21:09,taiwanmeimei,taionemm,1-0,03:14:17
6,taionemm,03:28:15,taionemm,taiwanmeimei,0-1,03:21:38
7,taionemm,03:40:18,taiwanmeimei,taionemm,1-0,03:28:46
8,taionemm,15:19:54,taionemm,LNHbt,0-1,15:04:37
9,taionemm,15:27:43,taionemm,TheQueensSlamPiece,1/2-1/2,15:20:12
10,taionemm,15:42:58,TheQueensSlamPiece,taionemm,1/2-1/2,15:28:08
11,taionemm,22:51:35,taionemm,taiwanmeimei,0-1,22:45:23
12,taionemm,22:56:11,taiwanmeimei,taionemm,1-0,22:52:23
13,taionemm,23:05:30,taionemm,taiwanmeimei,0-1,22:58:41
14,taionemm,23:22:19,taiwanmeimei,taionemm,0-1,23:08:55
15,taionemm,23:39:57,taionemm,taiwanmeimei,0-1,23:22:40
16,taionemm,23:46:00,taiwanmeimei,taionemm,1-0,23:40:25
17,taionemm,02:26:13,taionemm,taiwanmeimei,0-1,02:15:40
18,taionemm,02:10:39,taiwanmeimei,taionemm,1-0,02:03:37
19,taionemm,02:14:57,taionemm,taiwanmeimei,1-0,02:10:51
20,taionemm,15:11:05,taiwanmeimei,taionemm,1-0,15:03:05
21,taionemm,15:16:01,taionemm,taiwanmeimei,0-1,15:11:17
22,taionemm,15:30:52,taiwanmeimei,taionemm,0-1,15:20:14
23,taionemm,17:14:03,augustinewz,taionemm,1-0,17:02:04
24,taionemm,01:18:04,ellenimak,taionemm,1-0,01:04:40
25,taionemm,01:34:22,taionemm,cheesecake_drummer,0-1,01:18:08
26,taionemm,01:53:20,taionemm,Yo923,0-1,01:34:30
27,taionemm,02:05:56,taionemm,RoyalSpokesman,0-1,01:53:40
28,taionemm,02:21:24,Dalewoodman,taionemm,1-0,02:06:34
29,taionemm,18:40:39,taionemm,Alcatras06,1-0,18:30:31
30,taionemm,18:57:03,Aidyyyy,taionemm,1-0,18:43:55
31,taionemm,19:06:23,JakulOtp,taionemm,0-1,18:57:16
32,taionemm,17:28:16,taionemm,Oscarzhang818,0-1,17:06:40
33,taionemm,17:48:45,taionemm,dinihaikal,0-1,17:42:29
34,taionemm,17:57:38,meme1033,taionemm,0-1,17:48:59
35,taionemm,13:15:42,jakerosen123,taionemm,0-1,13:10:19
36,taionemm,13:27:58,Heli125,taionemm,1/2-1/2,13:15:59
37,taionemm,13:42:08,taionemm,othos17,1-0,13:29:26
38,taionemm,21:36:42,Azarnyek,taionemm,0-1,21:35:52
39,taionemm,21:40:47,taionemm,MagnusCarlsen70040,0-1,21:37:04
40,taionemm,21:54:30,taionemm,Iamted14,0-1,21:40:57
41,taionemm,22:04:20,taionemm,mouadbenkhiate,1-0,22:02:14
42,taionemm,22:14:52,taionemm,taiwanmeimei,1-0,22:09:29
43,taionemm,22:24:10,taiwanmeimei,taionemm,1-0,22:17:34
44,taionemm,22:32:56,taionemm,taiwanmeimei,0-1,22:24:38
45,taionemm,22:41:21,Aus735,taionemm,1-0,22:35:28
46,taionemm,22:50:22,Georgeensor2000,taionemm,1-0,22:41:42
47,taionemm,23:09:29,taionemm,chamaaR00,1-0,22:50:38
0,taionemm,14:37:50,taiwanmeimei,taionemm,1-0,14:33:59
1,taionemm,14:41:02,taionemm,taiwanmeimei,0-1,14:38:55
2,taionemm,15:03:16,taiwanmeimei,taionemm,1-0,14:41:53
3,taionemm,17:08:30,yaohengli,taionemm,1-0,17:03:35
4,taionemm,15:43:48,taionemm,taiwanmeimei,1-0,15:38:30
5,taionemm,15:53:58,taiwanmeimei,taionemm,0-1,15:44:34
6,taionemm,17:13:27,wallacewang1214,taionemm,1-0,17:05:52
7,taionemm,17:21:42,taionemm,mattiafarabbi,0-1,17:13:53
8,taionemm,17:26:08,taionemm,farzamkiwi,1/2-1/2,17:23:29
9,taionemm,17:36:04,Maumau123456789,taionemm,1-0,17:26:34
10,taionemm,17:45:18,taionemm,w_TerrestrialAdj,0-1,17:36:24
11,taionemm,17:50:56,taionemm,thoshpai,0-1,17:45:48
12,taionemm,16:33:37,taionemm,YScarab,0-1,16:28:19
13,taionemm,16:47:16,taionemm,francescafra1610,1-0,16:34:03
14,taionemm,17:29:09,SophiaZ2022,taionemm,1/2-1/2,17:06:07
15,taionemm,02:02:04,taionemm,taiwanmeimei,0-1,01:48:15
16,taionemm,02:10:53,taiwanmeimei,taionemm,1-0,02:02:36
17,taionemm,02:20:52,taionemm,taiwanmeimei,0-1,02:11:20
18,taionemm,02:37:28,taiwanmeimei,taionemm,1/2-1/2,02:23:53
19,taionemm,04:58:22,taionemm,FithDarkness,1-0,04:54:22
0,augustinewz,17:07:32,Kexin9918,augustinewz,0-1,17:02:25
1,augustinewz,03:04:42,xfw0897,augustinewz,0-1,02:36:40
2,augustinewz,17:23:50,Oscarzhang818,augustinewz,1-0,17:01:59
3,augustinewz,16:30:04,augustinewz,tianminlyu,0-1,16:18:36
4,augustinewz,02:44:06,augustinewz,xfw0897,1/2-1/2,02:15:30
0,augustinewz,17:31:14,Ziri99,augustinewz,0-1,17:24:52
1,augustinewz,23:45:24,h7sx7,augustinewz,0-1,23:34:07
2,augustinewz,02:53:37,augustinewz,stevecrawford02,0-1,02:43:21
3,augustinewz,02:57:23,augustinewz,brunobLANc,1-0,02:54:05
4,augustinewz,03:07:34,rainaaaaaaaaaaaaa,augustinewz,1-0,02:59:06
5,augustinewz,17:14:03,augustinewz,taionemm,1-0,17:02:04
6,augustinewz,21:06:07,augustinewz,AaronGYang,1-0,20:45:03
7,augustinewz,21:33:35,drywindytwig,augustinewz,0-1,21:13:18
8,augustinewz,17:22:17,oinkoinkw,augustinewz,1-0,17:06:32
9,augustinewz,21:07:09,zora_zhu,augustinewz,1/2-1/2,20:45:31
10,augustinewz,21:21:25,augustinewz,angelazhangangelazhang,1-0,21:11:44
11,augustinewz,21:47:12,danieldong0619,augustinewz,1-0,21:47:12
12,augustinewz,22:42:22,augustinewz,chargedup2015930,0-1,22:21:30
0,augustinewz,17:15:14,augustinewz,Oscarzhang818,0-1,17:04:53
1,augustinewz,02:24:35,augustinewz,michaelkrezlewicz,1-0,02:21:22
2,augustinewz,02:41:50,Stratejake,augustinewz,0-1,02:26:23
3,augustinewz,17:15:37,augustinewz,yaohengli,0-1,17:01:01
4,augustinewz,03:26:13,toolman_taylor,augustinewz,0-1,02:56:48
5,augustinewz,17:13:58,augustinewz,wallacewang1214,1-0,17:10:46
6,augustinewz,02:35:53,oi_my_name_is_Jag,augustinewz,1-0,02:35:13
7,augustinewz,02:44:14,augustinewz,oi_my_name_is_Jag,0-1,02:36:09
8,augustinewz,02:53:47,oi_my_name_is_Jag,augustinewz,0-1,02:44:32
0,oscarzhang818,17:11:27,Oscarzhang818,DeclanKana,1-0,17:03:19
1,oscarzhang818,17:23:50,Oscarzhang818,augustinewz,1-0,17:01:59
2,oscarzhang818,15:28:40,tianminlyu,Oscarzhang818,1-0,15:07:57
3,oscarzhang818,15:57:47,Unknown016451,Oscarzhang818,1-0,15:33:38
4,oscarzhang818,16:16:44,Oscarzhang818,Giovamate,1-0,15:58:28
5,oscarzhang818,20:18:53,sauravtygg,Oscarzhang818,1/2-1/2,20:06:17
0,oscarzhang818,17:19:15,Oscarzhang818,SophiaZ2022,1-0,17:06:04
1,oscarzhang818,01:40:20,james2945,Oscarzhang818,0-1,01:32:21
2,oscarzhang818,17:28:16,taionemm,Oscarzhang818,0-1,17:06:40
0,oscarzhang818,17:15:14,augustinewz,Oscarzhang818,0-1,17:04:53
1,oscarzhang818,17:22:23,Oscarzhang818,oinkoinkw,1-0,17:04:26
2,oscarzhang818,17:27:41,Oscarzhang818,yaohengli,1-0,17:06:30
0,yaohengli,03:11:06,yaohengli,Kexin9918,1-0,03:01:07
1,yaohengli,17:09:04,yaohengli,SophiaZ2022,1-0,17:02:34
2,yaohengli,17:16:19,yaohengli,Marsboom,0-1,17:02:08
3,yaohengli,03:47:55,CobraHayes,yaohengli,1-0,03:44:38
4,yaohengli,03:57:19,yaohengli,CobraHayes,0-1,03:49:00
5,yaohengli,04:06:00,Tanksrcool,yaohengli,0-1,03:57:43
6,yaohengli,05:56:28,WFloress,yaohengli,0-1,05:43:59
7,yaohengli,06:04:10,Lelin98,yaohengli,0-1,06:03:40
8,yaohengli,16:35:20,yaohengli,tianminlyu,0-1,16:17:08
0,yaohengli,17:20:34,yaohengli,wallacewang1214,1-0,17:06:42
1,yaohengli,17:32:34,yaohengli,yumitang,0-1,17:01:31
2,yaohengli,05:13:08,BootySquirt1911,yaohengli,1-0,04:55:39
3,yaohengli,05:24:23,Anaverageindian,yaohengli,0-1,05:21:42
4,yaohengli,22:07:34,John_Lenyn,yaohengli,1-0,21:44:17
5,yaohengli,23:30:55,yaohengli,ProloHimself,1-0,23:23:27
6,yaohengli,03:46:07,yaohengli,noobkim666,1-0,03:44:32
7,yaohengli,02:45:00,yaohengli,Lakerg2,1-0,02:27:30
8,yaohengli,03:04:55,plokkage,yaohengli,0-1,02:52:05
9,yaohengli,02:31:31,yaohengli,giannisantetekounmpo,0-1,02:16:44
10,yaohengli,22:45:01,ManuBrusco,yaohengli,1-0,22:40:24
11,yaohengli,22:48:42,ShaiGilgeos,yaohengli,1-0,22:48:02
12,yaohengli,23:10:55,yaohengli,Aee_123,0-1,22:49:00
13,yaohengli,03:30:23,yaohengli,Jaggot,0-1,03:22:48
14,yaohengli,06:00:29,Pinch7862,yaohengli,0-1,05:53:40
15,yaohengli,23:31:17,pr3tyboy,yaohengli,0-1,23:07:56
16,yaohengli,00:05:38,eagled45,yaohengli,0-1,23:36:16
17,yaohengli,03:54:59,yaohengli,Zefyr96,1-0,03:52:10
18,yaohengli,05:32:28,yaohengli,sugih_06,1-0,05:06:40
19,yaohengli,04:09:24,BAPAKKAUSEMUA,yaohengli,1/2-1/2,03:57:15
20,yaohengli,02:53:05,ramonfernandes13,yaohengli,1-0,02:31:56
21,yaohengli,18:43:07,lolag18,yaohengli,1-0,18:32:51
22,yaohengli,18:46:14,yaohengli,JasonChessbro,1-0,18:43:48
23,yaohengli,01:12:16,yaohengli,james2945,1-0,01:00:44
24,yaohengli,04:29:08,yaohengli,Cjpcp3,0-1,04:15:42
25,yaohengli,04:30:22,rm488,yaohengli,0-1,04:29:30
26,yaohengli,04:37:15,gusrobi,yaohengli,1-0,04:31:17
0,yaohengli,02:19:33,yaohengli,olekwagner,0-1,02:05:51
1,yaohengli,02:52:52,khello77,yaohengli,0-1,02:20:16
2,yaohengli,17:08:30,yaohengli,taionemm,1-0,17:03:35
3,yaohengli,22:38:10,yaohengli,temp-7206,0-1,22:29:42
4,yaohengli,23:14:54,ilselansink,yaohengli,0-1,22:59:09
5,yaohengli,04:26:58,checkeroomate,yaohengli,1-0,04:18:11
6,yaohengli,04:40:45,KimCheuSin,yaohengli,0-1,04:27:24
7,yaohengli,03:11:41,yaohengli,Pokiemans,1-0,02:36:59
8,yaohengli,04:37:03,yaohengli,Odonnells0,0-1,04:27:25
9,yaohengli,04:48:40,PogBoiiiii,yaohengli,1-0,04:37:29
10,yaohengli,04:59:54,yaohengli,Gravitist,1/2-1/2,04:49:05
11,yaohengli,02:38:08,yaohengli,neilsony13,1-0,02:18:03
12,yaohengli,17:15:37,augustinewz,yaohengli,0-1,17:01:01
13,yaohengli,00:57:40,Vyngudot,yaohengli,0-1,00:49:39
14,yaohengli,01:10:36,yaohengli,slippy606,0-1,01:03:00
15,yaohengli,01:38:49,yaohengli,jacobekwe,1-0,01:15:44
16,yaohengli,02:23:42,FrankNau,yaohengli,1-0,02:08:01
17,yaohengli,02:28:28,yaohengli,BaZZZinGaaas,1-0,02:24:11
18,yaohengli,18:22:46,yaohengli,sigbjorn903,1/2-1/2,18:07:01
19,yaohengli,17:27:41,Oscarzhang818,yaohengli,1-0,17:06:30
20,yaohengli,17:38:01,orwiz,yaohengli,1/2-1/2,17:27:56
21,yaohengli,17:49:52,yaohengli,orwiz,1-0,17:38:24
22,yaohengli,04:40:55,yaohengli,goshthebot,1-0,04:36:31
23,yaohengli,05:02:11,RIZZnut120,yaohengli,0-1,04:41:48
24,yaohengli,18:59:54,AronSBig,yaohengli,0-1,18:47:03
25,yaohengli,21:10:50,NoahsClarke,yaohengli,1-0,20:44:12
26,yaohengli,22:18:59,yaohengli,Jackiebeans515,1/2-1/2,22:10:45
27,yaohengli,22:29:13,jpruett13,yaohengli,1-0,22:19:19
28,yaohengli,22:36:39,yaohengli,fweundin,1-0,22:29:49
29,yaohengli,22:51:49,yaohengli,Adnanchatila2,1-0,22:38:13
30,yaohengli,18:22:19,yaohengli,semperfi0,1-0,18:15:27
31,yaohengli,18:36:24,hurryup2020,yaohengli,1-0,18:24:06
32,yaohengli,18:41:31,macolinder,yaohengli,1-0,18:36:55
33,yaohengli,05:37:07,yaohengli,anbings,1-0,05:11:39
34,yaohengli,05:11:41,skynyc,yaohengli,0-1,04:54:22
35,yaohengli,04:15:49,yaohengli,LumpyTheLegend,0-1,04:08:25
36,yaohengli,04:32:09,ENQSJB2,yaohengli,0-1,04:16:14
0,Wallacewang1214,03:23:46,wallacewang1214,Daniel7Andrade,0-1,03:13:34
0,Wallacewang1214,17:20:34,yaohengli,wallacewang1214,1-0,17:06:42
1,Wallacewang1214,17:47:06,wallacewang1214,mbark96x,1/2-1/2,17:22:09
2,Wallacewang1214,17:15:38,wallacewang1214,AliceCLi,1-0,17:03:33
3,Wallacewang1214,17:22:15,yumitang,wallacewang1214,1-0,17:05:55
4,Wallacewang1214,17:32:52,numaanzzz,wallacewang1214,0-1,17:22:58
0,Wallacewang1214,01:37:14,james2945,wallacewang1214,0-1,01:30:47
1,Wallacewang1214,17:13:27,wallacewang1214,taionemm,1-0,17:05:52
2,Wallacewang1214,17:32:44,wallacewang1214,romanmcc03,1-0,17:17:50
3,Wallacewang1214,17:55:43,teunvanzoggel,wallacewang1214,1-0,17:34:43
4,Wallacewang1214,22:49:28,wallacewang1214,zPurP,1-0,22:28:33
5,Wallacewang1214,23:15:33,madscientist123456789,wallacewang1214,1-0,23:11:19
6,Wallacewang1214,23:22:23,Hanifruzaini,wallacewang1214,0-1,23:15:58
7,Wallacewang1214,23:38:46,wallacewang1214,demeon04,1-0,23:23:04
8,Wallacewang1214,23:40:39,wallacewang1214,LeGeneral001,0-1,23:40:25
9,Wallacewang1214,00:25:06,wallacewang1214,MaGert37,1-0,00:19:17
10,Wallacewang1214,00:32:16,LovernTips,wallacewang1214,1-0,00:25:46
11,Wallacewang1214,14:33:03,meruniatko,wallacewang1214,0-1,14:14:54
12,Wallacewang1214,14:39:11,wallacewang1214,smiskam,0-1,14:33:31
13,Wallacewang1214,14:47:07,Moohy78,wallacewang1214,0-1,14:39:52
14,Wallacewang1214,15:30:03,wallacewang1214,josecollons,1-0,15:13:28
15,Wallacewang1214,15:44:22,wallacewang1214,Nishi805,1-0,15:30:32
16,Wallacewang1214,15:46:43,Marcrh03,wallacewang1214,1-0,15:44:50
17,Wallacewang1214,15:48:33,ItzMeJcb,wallacewang1214,1-0,15:46:58
18,Wallacewang1214,15:58:02,wallacewang1214,wil1965,1-0,15:48:54
19,Wallacewang1214,17:13:58,augustinewz,wallacewang1214,1-0,17:10:46
20,Wallacewang1214,17:56:37,bayak_wa7esh,wallacewang1214,0-1,17:48:49
21,Wallacewang1214,19:11:25,wallacewang1214,kingfelixmk,0-1,18:55:40
22,Wallacewang1214,19:20:57,QuadroRainbow,wallacewang1214,1/2-1/2,19:11:47
23,Wallacewang1214,19:42:08,wallacewang1214,xXlordofthefriesXx,0-1,19:21:19
24,Wallacewang1214,20:13:40,Ic162k,wallacewang1214,1-0,19:58:55
25,Wallacewang1214,20:23:02,wallacewang1214,theLaw15,1-0,20:14:02
26,Wallacewang1214,18:35:16,xXlordofthefriesXx,wallacewang1214,1-0,18:33:27
27,Wallacewang1214,18:52:07,wallacewang1214,hassandakdouk,0-1,18:35:43
28,Wallacewang1214,19:10:37,wallacewang1214,Nikl1354,0-1,19:04:23
29,Wallacewang1214,19:13:41,wallacewang1214,ishowdqwpl,1-0,19:10:52
30,Wallacewang1214,19:30:58,Yilmazter,wallacewang1214,1-0,19:17:37
31,Wallacewang1214,19:44:18,Asem_0,wallacewang1214,0-1,19:31:28
32,Wallacewang1214,01:51:40,wallacewang1214,suhaas24,1-0,01:40:32
33,Wallacewang1214,01:53:32,SizxsPanda,wallacewang1214,1-0,01:52:39
34,Wallacewang1214,02:10:40,paadagat,wallacewang1214,0-1,01:54:59
35,Wallacewang1214,01:42:47,Chukawaitegomen,wallacewang1214,0-1,01:32:42
36,Wallacewang1214,13:45:35,wallacewang1214,DevarshManakkat,1-0,13:41:11
37,Wallacewang1214,00:13:15,KobejayLI,wallacewang1214,0-1,00:00:04
38,Wallacewang1214,00:26:19,wallacewang1214,Ninja_FBI,1/2-1/2,00:13:52
0,SophiaZ2022,23:24:13,EvelynElephant,SophiaZ2022,0-1,23:12:22
1,SophiaZ2022,17:09:04,yaohengli,SophiaZ2022,1-0,17:02:34
2,SophiaZ2022,17:12:10,SophiaZ2022,Kexin9918,1/2-1/2,17:02:08
0,SophiaZ2022,17:19:15,Oscarzhang818,SophiaZ2022,1-0,17:06:04
1,SophiaZ2022,01:35:40,SophiaZ2022,oinkoinkw,1/2-1/2,01:19:54
2,SophiaZ2022,17:23:54,AliceCLi,SophiaZ2022,1-0,17:05:44
3,SophiaZ2022,17:31:43,SophiaZ2022,specialguest21,1-0,17:25:24
0,SophiaZ2022,17:28:34,SophiaZ2022,yumitang,1-0,17:05:15
1,SophiaZ2022,01:28:40,james2945,SophiaZ2022,0-1,00:54:03
2,SophiaZ2022,17:29:09,SophiaZ2022,taionemm,1/2-1/2,17:06:07
0,AliceCLi,05:51:52,AliceCLi,Manoj7771,1-0,05:47:22
1,AliceCLi,06:01:05,Manoj7771,AliceCLi,0-1,05:52:09
0,AliceCLi,01:04:20,AliceCLi,DarkShark29,0-1,00:55:13
1,AliceCLi,21:23:02,Smokeguns20,AliceCLi,1-0,21:12:45
2,AliceCLi,21:29:00,tobsen12345,AliceCLi,1-0,21:23:44
3,AliceCLi,23:14:10,AliceCLi,david14898,1-0,22:55:02
4,AliceCLi,01:27:29,AliceCLi,Joosha1,0-1,01:26:15
5,AliceCLi,17:15:38,wallacewang1214,AliceCLi,1-0,17:03:33
6,AliceCLi,01:00:13,Arthurash,AliceCLi,0-1,00:42:42
7,AliceCLi,01:35:06,AliceCLi,americaneaglw,1-0,01:30:37
8,AliceCLi,17:23:54,AliceCLi,SophiaZ2022,1-0,17:05:44
9,AliceCLi,22:07:38,AL41HAN52,AliceCLi,1-0,22:02:20
10,AliceCLi,22:08:48,AliceCLi,jezza2020,0-1,22:08:01
0,AliceCLi,17:17:27,AliceCLi,oinkoinkw,1-0,17:07:21
1,AliceCLi,17:37:20,Heavenlythy,AliceCLi,0-1,17:22:38
2,AliceCLi,03:07:15,amacg99,AliceCLi,1-0,02:56:03
3,AliceCLi,22:20:27,chessissortafun,AliceCLi,0-1,21:58:10
4,AliceCLi,07:20:24,AliceCLi,dudo98,0-1,07:17:56
5,AliceCLi,07:43:26,DockMaster74,AliceCLi,1-0,07:34:58
6,AliceCLi,17:38:12,yumitang,AliceCLi,1/2-1/2,17:03:11
7,AliceCLi,01:51:17,james2945,AliceCLi,0-1,01:37:20
8,AliceCLi,18:35:04,AliceCLi,LordSeepo,0-1,18:30:26
9,AliceCLi,18:39:32,AliceCLi,me_idot,0-1,18:35:30
10,AliceCLi,22:41:27,AliceCLi,Kristina_1995,0-1,22:38:27
11,AliceCLi,22:54:13,AliceCLi,human_dattebayo,0-1,22:41:49
12,AliceCLi,23:13:47,AliceCLi,littlenlover,0-1,22:54:23
13,AliceCLi,23:20:40,AliceCLi,toastiebeanz,0-1,23:14:09
14,AliceCLi,23:31:25,Bizovski,AliceCLi,1-0,23:20:57
15,AliceCLi,23:43:42,AliceCLi,rdavid92,1-0,23:31:46
16,AliceCLi,22:00:36,PatrickD0,AliceCLi,1-0,21:50:53
17,AliceCLi,01:04:01,Pew2-Pew2,AliceCLi,0-1,01:01:17
18,AliceCLi,01:16:42,UberKrypto,AliceCLi,1-0,01:04:26
0,yumitang,18:37:17,EllieY11,yumitang,1-0,18:13:12
1,yumitang,18:37:28,PromotionMay,yumitang,1-0,18:12:42
2,yumitang,17:51:08,yumitang,siyuanren,0-1,17:25:37
0,yumitang,17:36:43,yumitang,taionemm,1/2-1/2,17:06:02
1,yumitang,17:32:34,yaohengli,yumitang,0-1,17:01:31
2,yumitang,17:22:15,yumitang,wallacewang1214,1-0,17:05:55
0,yumitang,17:28:34,SophiaZ2022,yumitang,1-0,17:05:15
1,yumitang,17:38:12,yumitang,AliceCLi,1/2-1/2,17:03:11
2,yumitang,17:30:13,yumitang,oinkoinkw,1-0,17:05:40
0,james2945,22:03:44,khaledmasri7,james2945,0-1,21:36:45
1,james2945,20:59:31,Fouldaz,james2945,1-0,20:13:54
2,james2945,21:26:19,james2945,DuZiegenlecker,1-0,21:00:05
3,james2945,22:34:59,Troglodyte12345,james2945,1-0,22:12:22
4,james2945,22:41:39,realgorg,james2945,0-1,22:35:30
5,james2945,23:19:43,Sanjid2005,james2945,0-1,22:41:43
6,james2945,16:15:03,james2945,johnchessboyy,0-1,16:02:09
7,james2945,16:20:48,kalashmaske,james2945,1-0,16:18:59
8,james2945,16:44:43,james2945,Shampuz,0-1,16:21:03
9,james2945,21:07:54,james2945,KOOCOO234,0-1,21:06:30
10,james2945,21:13:49,sarah202233,james2945,0-1,21:08:13
11,james2945,21:38:21,james2945,rysiek386,1-0,21:15:00
12,james2945,21:58:58,brysonAcutie,james2945,0-1,21:38:49
13,james2945,22:10:22,james2945,JaredGoodAtChess,1-0,22:00:29
14,james2945,22:11:25,james2945,Kekomir,1-0,22:10:33
15,james2945,22:37:25,midowael207,james2945,0-1,22:11:32
0,james2945,21:51:24,L3MONADE123,james2945,0-1,21:49:18
1,james2945,22:18:05,james2945,DIRTYNICK414,1-0,21:51:53
2,james2945,01:40:20,james2945,Oscarzhang818,0-1,01:32:21
3,james2945,01:48:20,DoyouKnowmeYet,james2945,1-0,01:40:41
4,james2945,01:53:43,julquintero,james2945,1-0,01:48:37
5,james2945,02:04:44,james2945,Brighit,1-0,01:53:54
6,james2945,01:12:16,yaohengli,james2945,1-0,01:00:44
0,james2945,02:49:02,james2945,SunnyCMaster,0-1,02:40:45
1,james2945,15:23:31,Nubsicle,james2945,1-0,15:17:05
2,james2945,15:39:29,james2945,Nubsicle,0-1,15:24:01
3,james2945,01:37:14,james2945,wallacewang1214,0-1,01:30:47
4,james2945,02:00:28,collinhouwen,james2945,0-1,01:57:34
5,james2945,01:32:55,james2945,EchoBox,0-1,01:22:02
6,james2945,01:28:40,james2945,SophiaZ2022,0-1,00:54:03
7,james2945,03:03:05,james2945,salmontime1,0-1,02:45:04
8,james2945,20:20:47,Legodude444,james2945,0-1,20:11:10
9,james2945,20:46:06,SLUSHBOY,james2945,1/2-1/2,20:22:12
10,james2945,22:25:55,Wallen699,james2945,1-0,22:08:11
11,james2945,01:51:17,james2945,AliceCLi,0-1,01:37:20
12,james2945,02:04:01,paulypops,james2945,0-1,01:52:00
13,james2945,22:48:34,bluecrazypants,james2945,0-1,22:46:01
0,Oinkoinkw,19:00:07,oinkoinkw,arjunhanumappa,0-1,18:54:46
1,Oinkoinkw,19:19:12,leonardorigatti,oinkoinkw,1-0,19:00:37
2,Oinkoinkw,19:25:29,oinkoinkw,burjkhalifa15,1-0,19:20:11
3,Oinkoinkw,01:35:40,SophiaZ2022,oinkoinkw,1/2-1/2,01:19:54
4,Oinkoinkw,17:22:17,oinkoinkw,augustinewz,1-0,17:06:32
0,Oinkoinkw,17:17:27,AliceCLi,oinkoinkw,1-0,17:07:21
1,Oinkoinkw,20:06:41,ethanxue15,oinkoinkw,0-1,20:00:09
2,Oinkoinkw,21:24:25,oinkoinkw,Colsonlee,0-1,21:14:51
3,Oinkoinkw,21:59:45,matthushen,oinkoinkw,0-1,21:54:44
4,Oinkoinkw,17:22:23,Oscarzhang818,oinkoinkw,1-0,17:04:26
5,Oinkoinkw,21:48:56,zora_zhu,oinkoinkw,1-0,21:42:23
6,Oinkoinkw,22:22:00,oinkoinkw,parleek,1-0,22:19:18
7,Oinkoinkw,00:53:18,oinkoinkw,wbSakes,1-0,00:40:47
8,Oinkoinkw,00:53:03,oinkoinkw,jonathananyi,0-1,00:41:26
9,Oinkoinkw,17:30:13,yumitang,oinkoinkw,1-0,17:05:40
10,Oinkoinkw,20:10:03,oinkoinkw,drywindytwig,0-1,20:00:17
11,Oinkoinkw,23:23:50,oinkoinkw,5StarrMari,1/2-1/2,23:11:57
0,Cathye1,03:54:30,cathye1,V1NCENZ0990,0-1,03:35:10
1,Cathye1,04:06:03,javi506,cathye1,1-0,03:54:48
2,Cathye1,04:24:53,cathye1,radhapatel0712,1-0,04:06:17
3,Cathye1,04:49:28,nbhzgan,cathye1,1-0,04:25:00
4,Cathye1,02:19:44,cathye1,huudungvip,0-1,02:19:44
5,Cathye1,02:20:36,zigzagmaster1,cathye1,1-0,02:19:32
6,Cathye1,02:42:24,chessbeean,cathye1,1-0,02:41:56
0,Cathye1,18:43:21,vivianwwww20,cathye1,1-0,18:19:46
1,Cathye1,00:14:08,cathye1,ChloeWang16,0-1,23:36:55
2,Cathye1,00:17:34,JC_BUT_ITS_NOT112,cathye1,1-0,00:15:01
3,Cathye1,01:57:13,ArthurRocket,cathye1,1-0,01:38:42
4,Cathye1,04:42:12,cathye1,Tyzalex,1/2-1/2,04:29:53
0,lunathekitsune,18:48:55,ImRacoonie,lunathekitsune,1-0,18:25:44
0,lunathekitsune,18:33:23,lunathekitsune,ArthurRocket,0-1,18:23:01
1,lunathekitsune,18:35:21,vivianwwww20,lunathekitsune,1/2-1/2,18:23:03
2,lunathekitsune,18:37:54,lunathekitsune,ChloeWang16,0-1,18:22:13
0,ArthurRocket,03:51:52,ArthurRocket,someonelost55,1-0,03:43:48
1,ArthurRocket,04:13:23,galacticmammal,ArthurRocket,1/2-1/2,03:54:02
2,ArthurRocket,03:38:24,ArthurRocket,idcluffy,1-0,03:33:10
3,ArthurRocket,03:42:54,DeathBringerr11,ArthurRocket,0-1,03:41:03
4,ArthurRocket,03:57:58,ArthurRocket,ELMIKLOS_YT,0-1,03:44:04
5,ArthurRocket,21:21:30,Buddylord,ArthurRocket,0-1,21:13:31
6,ArthurRocket,22:21:14,BeginerMaverik,ArthurRocket,0-1,22:16:05
7,ArthurRocket,22:39:35,ArthurRocket,Ahmad867g,0-1,22:22:14
8,ArthurRocket,22:54:37,ChessXO999,ArthurRocket,1-0,22:41:06
9,ArthurRocket,22:05:23,ArthurRocket,tumppit,1-0,21:54:18
10,ArthurRocket,19:33:54,ArthurRocket,h4s5an,0-1,19:21:34
0,ArthurRocket,18:33:23,lunathekitsune,ArthurRocket,0-1,18:23:01
1,ArthurRocket,18:33:53,ImRacoonie,ArthurRocket,0-1,18:23:30
2,ArthurRocket,01:57:13,ArthurRocket,cathye1,1-0,01:38:42
3,ArthurRocket,20:13:12,ArthurRocket,heatheradorazhang,1-0,20:00:26
4,ArthurRocket,20:48:00,JuliusLee123,ArthurRocket,1-0,20:40:52
5,ArthurRocket,21:25:04,ArthurRocket,BurleyWalrus,1-0,21:19:31
6,ArthurRocket,22:24:44,chessgoodseed,ArthurRocket,1-0,21:59:03
7,ArthurRocket,01:05:19,vivianwwww20,ArthurRocket,1/2-1/2,00:46:55
0,vivianwwww20,22:56:21,vivianwwww20,OOllOOlOOOllOlll,0-1,22:55:44
1,vivianwwww20,18:41:55,Pulkittiwarii,vivianwwww20,1-0,18:36:37
2,vivianwwww20,19:12:25,jaydenlan0118,vivianwwww20,0-1,18:58:50
3,vivianwwww20,20:35:51,vivianwwww20,Muhammedmust,0-1,20:21:54
0,vivianwwww20,18:43:21,vivianwwww20,cathye1,1-0,18:19:46
1,vivianwwww20,18:35:21,vivianwwww20,lunathekitsune,1/2-1/2,18:23:03
2,vivianwwww20,01:05:19,vivianwwww20,ArthurRocket,1/2-1/2,00:46:55
0,ChloeWang16,18:35:38,ChloeWang16,vogelganesh,0-1,18:27:21
0,ChloeWang16,19:13:16,jaydenlan0118,ChloeWang16,1-0,19:01:44
1,ChloeWang16,19:06:43,ChloeWang16,black0650,0-1,18:53:40
2,ChloeWang16,19:24:09,chuyuewang,ChloeWang16,1-0,19:09:03
3,ChloeWang16,20:43:57,ChloeWang16,CalorieCube,1-0,20:38:40
4,ChloeWang16,21:21:50,ChloeWang16,chuyuewang,1-0,20:46:48
5,ChloeWang16,22:44:58,tresh_xyi,ChloeWang16,0-1,22:26:48
6,ChloeWang16,23:36:09,chuyuewang,ChloeWang16,0-1,22:49:52
7,ChloeWang16,00:14:08,cathye1,ChloeWang16,0-1,23:36:55
8,ChloeWang16,03:36:11,ChloeWang16,Carlzki06,0-1,03:25:36
9,ChloeWang16,18:37:54,lunathekitsune,ChloeWang16,0-1,18:22:13
0,Tyzalex,02:03:31,Tyzalex,Cenayah09,0-1,01:56:00
1,Tyzalex,02:10:11,RkCancled,Tyzalex,1-0,02:03:56
2,Tyzalex,02:21:46,SenhorPessego,Tyzalex,0-1,02:11:16
3,Tyzalex,05:26:30,lpietila17,Tyzalex,1-0,05:25:06
4,Tyzalex,05:44:56,Tyzalex,GODop007,0-1,05:38:05
5,Tyzalex,01:34:33,Tyzalex,NeuronShortage69420,0-1,01:29:34
6,Tyzalex,03:55:02,Tyzalex,ATF187,0-1,03:39:46
7,Tyzalex,04:10:00,Tyzalex,SardorUmirqulov,0-1,03:55:14
8,Tyzalex,04:11:08,Xiiiiird,Tyzalex,1-0,04:10:18
9,Tyzalex,04:15:08,RHYDER18,Tyzalex,0-1,04:11:26
10,Tyzalex,18:38:32,ZhichengW,Tyzalex,0-1,18:23:56
0,Tyzalex,05:26:36,Tyzalex,ThanhTam109,0-1,05:25:44
1,Tyzalex,05:35:10,epsteinsBF,Tyzalex,0-1,05:27:29
2,Tyzalex,05:49:32,Tyzalex,anchanan,1-0,05:35:42
3,Tyzalex,04:28:09,chinesemf,Tyzalex,1-0,04:26:32
4,Tyzalex,18:27:16,Tyzalex,Haochen1123,1-0,18:21:20
5,Tyzalex,18:40:10,elenapezzotti,Tyzalex,1-0,18:27:40
6,Tyzalex,06:19:24,Tyzalex,the_tinks21,1-0,06:18:10
7,Tyzalex,06:26:15,plathusk,Tyzalex,1-0,06:19:36
8,Tyzalex,22:41:05,Tyzalex,HaveS3xWithMe,0-1,22:26:04
9,Tyzalex,23:20:43,roxer021,Tyzalex,1-0,23:16:23
10,Tyzalex,00:12:42,hiddenandbedridden,Tyzalex,1-0,23:53:33
11,Tyzalex,00:35:41,Tyzalex,yourabusivedad,0-1,00:33:43
12,Tyzalex,00:45:57,Flame_throwing_king,Tyzalex,1-0,00:36:21
13,Tyzalex,01:17:30,Harrys699,Tyzalex,1-0,01:15:20
14,Tyzalex,01:19:25,Tyzalex,poote1,1-0,01:17:49
15,Tyzalex,01:30:37,poote1,Tyzalex,1-0,01:19:43
16,Tyzalex,03:36:17,Tyzalex,onung121,1-0,03:32:25
17,Tyzalex,05:06:43,alfietheelf12,Tyzalex,0-1,04:56:51
18,Tyzalex,18:29:43,Tyzalex,jaydenlan0118,1/2-1/2,18:22:42
19,Tyzalex,20:57:41,Tyzalex,mino98569841,0-1,05:11:58
20,Tyzalex,05:05:52,Mendozzzy,Tyzalex,1-0,04:54:31
21,Tyzalex,04:15:57,Saundererers,Tyzalex,1-0,05:11:50
22,Tyzalex,04:42:12,cathye1,Tyzalex,1/2-1/2,04:29:53
23,Tyzalex,20:28:26,Tyzalex,cumeetozturk,0-1,00:38:43
0,ZhichengW,18:38:32,ZhichengW,Tyzalex,0-1,18:23:56
0,ZhichengW,18:29:48,ZhichengW,ImRacoonie,0-1,18:20:23
1,ZhichengW,02:18:51,lar3ka,ZhichengW,0-1,01:59:20
2,ZhichengW,18:53:14,NeMoZix,ZhichengW,1-0,18:49:54
3,ZhichengW,15:10:58,Whomun,ZhichengW,1-0,15:02:14
4,ZhichengW,00:32:48,ZhichengW,sjeeaa,0-1,00:28:18
5,ZhichengW,00:41:31,ZhichengW,Haochen1123,1-0,00:35:19
6,ZhichengW,22:08:22,SantaRosaB,ZhichengW,0-1,21:38:37
7,ZhichengW,18:50:12,ZhichengW,nicolascadena1,1-0,18:31:01
8,ZhichengW,01:00:56,verlindaliji,ZhichengW,1-0,00:59:25
9,ZhichengW,01:25:00,lilfero1444,ZhichengW,1-0,01:07:01
10,ZhichengW,01:58:51,ZhichengW,jaydenlan0118,1-0,01:30:24
0,Haochen1123,18:32:39,Haochen1123,tobymateyes,0-1,18:26:08
0,Haochen1123,18:27:16,Tyzalex,Haochen1123,1-0,18:21:20
1,Haochen1123,18:36:54,Haochen1123,GALAXy1906,1/2-1/2,18:29:20
2,Haochen1123,01:47:55,GMG,Haochen1123,1-0,01:42:33
3,Haochen1123,02:04:34,Haochen1123,GMG,1-0,01:53:49
4,Haochen1123,00:41:31,ZhichengW,Haochen1123,1-0,00:35:19
5,Haochen1123,01:56:31,GMG,Haochen1123,1-0,01:40:39
6,Haochen1123,02:00:22,Haochen1123,GMG,1/2-1/2,01:56:55
7,Haochen1123,01:40:46,Haochen1123,thabian,0-1,01:26:10
8,Haochen1123,01:57:15,thabian,Haochen1123,1-0,01:47:55
9,Haochen1123,18:27:06,Haochen1123,ImRacoonie,0-1,18:21:37
10,Haochen1123,01:56:35,GMG,Haochen1123,1-0,01:43:55
11,Haochen1123,02:00:47,Haochen1123,GMG,1/2-1/2,01:57:02
12,Haochen1123,01:32:00,Haochen1123,thabian,0-1,01:14:45
13,Haochen1123,01:54:18,thabian,Haochen1123,1-0,01:48:36
0,jaydenlan0118,19:12:25,jaydenlan0118,vivianwwww20,0-1,18:58:50
0,jaydenlan0118,19:00:57,markduck3973,jaydenlan0118,1-0,18:46:32
1,jaydenlan0118,19:13:16,jaydenlan0118,ChloeWang16,1-0,19:01:44
2,jaydenlan0118,18:29:43,Tyzalex,jaydenlan0118,1/2-1/2,18:22:42
3,jaydenlan0118,01:29:00,jaydenlan0118,ltachi12,0-1,01:25:18
4,jaydenlan0118,01:58:51,ZhichengW,jaydenlan0118,1-0,01:30:24
0,ImRacoonie,18:48:55,ImRacoonie,lunathekitsune,1-0,18:25:44
0,ImRacoonie,18:29:48,ZhichengW,ImRacoonie,0-1,18:20:23
1,ImRacoonie,16:53:32,baranoor2,ImRacoonie,1-0,16:51:50
2,ImRacoonie,18:33:53,ImRacoonie,ArthurRocket,0-1,18:23:30
3,ImRacoonie,18:27:06,Haochen1123,ImRacoonie,0-1,18:21:37
4,ImRacoonie,21:11:47,ImRacoonie,me_when_your,1-0,21:05:32
5,ImRacoonie,21:18:28,me_when_your,ImRacoonie,1-0,21:12:41
